ISO-10303-21;
HEADER;
FILE_DESCRIPTION (( 'STEP AP214' ),
    '1' );
FILE_NAME ('KBP2010.STEP',
    '2023-11-23T05:14:25',
    ( '' ),
    ( '' ),
    'SwSTEP 2.0',
    'SolidWorks 2021',
    '' );
FILE_SCHEMA (( 'AUTOMOTIVE_DESIGN' ));
ENDSEC;

DATA;
#1 = EDGE_CURVE ( 'NONE', #313, #863, #1829, .T. ) ;
#2 = VECTOR ( 'NONE', #2074, 1000.000000000000000 ) ;
#3 = AXIS2_PLACEMENT_3D ( 'NONE', #2370, #874, #1276 ) ;
#4 = FACE_OUTER_BOUND ( 'NONE', #1533, .T. ) ;
#5 = CARTESIAN_POINT ( 'NONE',  ( -6.397499999999999076, 2.250000000000002665, 1.084999999999999964 ) ) ;
#6 = VERTEX_POINT ( 'NONE', #2016 ) ;
#7 = AXIS2_PLACEMENT_3D ( 'NONE', #1725, #260, #104 ) ;
#8 = AXIS2_PLACEMENT_3D ( 'NONE', #17, #2080, #1108 ) ;
#9 = CIRCLE ( 'NONE', #315, 0.4049999999999995270 ) ;
#10 = ADVANCED_FACE ( 'NONE', ( #736 ), #905, .T. ) ;
#11 = SURFACE_STYLE_USAGE ( .BOTH. , #2085 ) ;
#12 = CIRCLE ( 'NONE', #1250, 0.3999999999999999667 ) ;
#13 = ORIENTED_EDGE ( 'NONE', *, *, #1613, .T. ) ;
#14 = EDGE_CURVE ( 'NONE', #929, #1576, #1280, .T. ) ;
#15 = EDGE_LOOP ( 'NONE', ( #2053, #341, #2145, #1472 ) ) ;
#16 = ORIENTED_EDGE ( 'NONE', *, *, #1277, .F. ) ;
#17 = CARTESIAN_POINT ( 'NONE',  ( -4.164999999999999147, 1.000000000000001332, 0.7850000000000001421 ) ) ;
#18 = ADVANCED_FACE ( 'NONE', ( #1091 ), #2065, .T. ) ;
#19 = DIRECTION ( 'NONE',  ( 0.000000000000000000, -1.000000000000000000, 0.000000000000000000 ) ) ;
#20 = CARTESIAN_POINT ( 'NONE',  ( -3.564999999999999503, 1.000000000000001332, 1.185000000000000053 ) ) ;
#21 = FACE_OUTER_BOUND ( 'NONE', #1858, .T. ) ;
#22 = ORIENTED_EDGE ( 'NONE', *, *, #2027, .F. ) ;
#23 = ORIENTED_EDGE ( 'NONE', *, *, #273, .T. ) ;
#24 = VECTOR ( 'NONE', #2181, 1000.000000000000000 ) ;
#25 = CIRCLE ( 'NONE', #644, 0.2999999999999999334 ) ;
#26 = ORIENTED_EDGE ( 'NONE', *, *, #674, .T. ) ;
#27 = EDGE_LOOP ( 'NONE', ( #1443, #380, #919, #1117 ) ) ;
#28 = PLANE ( 'NONE',  #2362 ) ;
#29 = VECTOR ( 'NONE', #2304, 1000.000000000000000 ) ;
#30 = CARTESIAN_POINT ( 'NONE',  ( -5.647499999999998188, 1.800000000000003153, 1.084999999999999964 ) ) ;
#31 = ADVANCED_FACE ( 'NONE', ( #76 ), #696, .T. ) ;
#32 = DIRECTION ( 'NONE',  ( -0.7071067811865472397, 0.7071067811865479058, 0.000000000000000000 ) ) ;
#33 = CARTESIAN_POINT ( 'NONE',  ( -5.947499999999998010, 3.000000000000002665, 1.185000000000000053 ) ) ;
#34 = ORIENTED_EDGE ( 'NONE', *, *, #610, .F. ) ;
#35 = CARTESIAN_POINT ( 'NONE',  ( -5.850000000000001421, 12.69999999999999929, -2.614999999999999769 ) ) ;
#36 = LINE ( 'NONE', #2390, #641 ) ;
#37 = ORIENTED_EDGE ( 'NONE', *, *, #2097, .T. ) ;
#38 = ORIENTED_EDGE ( 'NONE', *, *, #1183, .T. ) ;
#39 = VERTEX_POINT ( 'NONE', #2245 ) ;
#40 = DIRECTION ( 'NONE',  ( 0.000000000000000000, 1.000000000000000000, 0.000000000000000000 ) ) ;
#41 = DIRECTION ( 'NONE',  ( 1.180083997263133971E-16, -1.000000000000000000, 0.000000000000000000 ) ) ;
#42 = FACE_OUTER_BOUND ( 'NONE', #539, .T. ) ;
#43 = CARTESIAN_POINT ( 'NONE',  ( 6.202500000000004121, -11.69999999999999751, 4.959819536546828055E-17 ) ) ;
#44 = DIRECTION ( 'NONE',  ( 0.000000000000000000, -1.000000000000000000, -0.000000000000000000 ) ) ;
#45 = AXIS2_PLACEMENT_3D ( 'NONE', #2172, #2188, #690 ) ;
#46 = SURFACE_STYLE_FILL_AREA ( #1321 ) ;
#47 = EDGE_CURVE ( 'NONE', #1667, #390, #1589, .T. ) ;
#48 = FACE_OUTER_BOUND ( 'NONE', #1708, .T. ) ;
#49 = ORIENTED_EDGE ( 'NONE', *, *, #280, .T. ) ;
#50 =( GEOMETRIC_REPRESENTATION_CONTEXT ( 3 ) GLOBAL_UNCERTAINTY_ASSIGNED_CONTEXT ( ( #2061 ) ) GLOBAL_UNIT_ASSIGNED_CONTEXT ( ( #209, #1693, #1500 ) ) REPRESENTATION_CONTEXT ( 'NONE', 'WORKASPACE' ) );
#51 = ORIENTED_EDGE ( 'NONE', *, *, #187, .T. ) ;
#52 = DIRECTION ( 'NONE',  ( 1.927470528863116583E-15, 1.000000000000000000, 0.000000000000000000 ) ) ;
#53 = DIRECTION ( 'NONE',  ( -1.180083997263133971E-16, 1.000000000000000000, -0.000000000000000000 ) ) ;
#54 = DIRECTION ( 'NONE',  ( 1.927470528863119739E-15, -1.000000000000000000, 0.000000000000000000 ) ) ;
#55 = LINE ( 'NONE', #795, #725 ) ;
#56 = CARTESIAN_POINT ( 'NONE',  ( -6.397499999999999076, 2.250000000000002665, 1.185000000000000053 ) ) ;
#57 =( NAMED_UNIT ( * ) PLANE_ANGLE_UNIT ( ) SI_UNIT ( $, .RADIAN. ) );
#58 = EDGE_LOOP ( 'NONE', ( #1915, #1095, #1820, #724 ) ) ;
#59 = ADVANCED_FACE ( 'NONE', ( #1002 ), #99, .F. ) ;
#60 = ADVANCED_FACE ( 'NONE', ( #2103 ), #472, .T. ) ;
#61 = VERTEX_POINT ( 'NONE', #482 ) ;
#62 = CARTESIAN_POINT ( 'NONE',  ( -5.197499999999998010, 2.250000000000002665, 1.084999999999999964 ) ) ;
#63 = CIRCLE ( 'NONE', #1098, 0.4050000000000034683 ) ;
#64 = CARTESIAN_POINT ( 'NONE',  ( -5.947499999999998010, 2.250000000000001776, 1.084999999999999964 ) ) ;
#65 = CYLINDRICAL_SURFACE ( 'NONE', #1121, 0.3999999999999999667 ) ;
#66 = DIRECTION ( 'NONE',  ( 1.000000000000000000, 0.000000000000000000, 0.000000000000000000 ) ) ;
#67 = CYLINDRICAL_SURFACE ( 'NONE', #7, 0.4049999999999999711 ) ;
#68 = LINE ( 'NONE', #808, #1488 ) ;
#69 = ORIENTED_EDGE ( 'NONE', *, *, #1964, .F. ) ;
#70 = ADVANCED_FACE ( 'NONE', ( #1756 ), #1581, .T. ) ;
#71 = ORIENTED_EDGE ( 'NONE', *, *, #248, .F. ) ;
#72 = CARTESIAN_POINT ( 'NONE',  ( -3.864999999999999769, 0.7000000000000000666, -2.614999999999999769 ) ) ;
#73 = ORIENTED_EDGE ( 'NONE', *, *, #2038, .T. ) ;
#74 = EDGE_CURVE ( 'NONE', #513, #1966, #1553, .T. ) ;
#75 = CARTESIAN_POINT ( 'NONE',  ( 7.350000000000001421, 1.000000000000002665, 1.185000000000000053 ) ) ;
#76 = FACE_OUTER_BOUND ( 'NONE', #2297, .T. ) ;
#77 = LINE ( 'NONE', #1337, #974 ) ;
#78 = PLANE ( 'NONE',  #608 ) ;
#79 = LINE ( 'NONE', #1750, #1765 ) ;
#80 = FILL_AREA_STYLE ('',( #107 ) ) ;
#81 = ORIENTED_EDGE ( 'NONE', *, *, #887, .F. ) ;
#82 = PRODUCT_DEFINITION ( 'UNKNOWN', '', #785, #1338 ) ;
#83 = VERTEX_POINT ( 'NONE', #1947 ) ;
#84 = DIRECTION ( 'NONE',  ( 1.000000000000000000, 0.000000000000000000, 0.000000000000000000 ) ) ;
#85 = COLOUR_RGB ( '',0.7921568627450980005, 0.8196078431372548767, 0.9333333333333333481 ) ;
#86 = VECTOR ( 'NONE', #84, 1000.000000000000000 ) ;
#87 = VECTOR ( 'NONE', #1408, 1000.000000000000000 ) ;
#88 = DIRECTION ( 'NONE',  ( 1.000000000000000000, 0.000000000000000000, 0.000000000000000000 ) ) ;
#89 = CARTESIAN_POINT ( 'NONE',  ( -3.564999999999999503, 0.7000000000000000666, -2.214999999999999414 ) ) ;
#90 = EDGE_CURVE ( 'NONE', #210, #373, #275, .T. ) ;
#91 = CARTESIAN_POINT ( 'NONE',  ( -5.947499999999998010, 1.800000000000003153, 1.084999999999999964 ) ) ;
#92 = DIRECTION ( 'NONE',  ( -1.000000000000000000, 0.000000000000000000, 0.000000000000000000 ) ) ;
#93 = DIRECTION ( 'NONE',  ( 0.000000000000000000, 0.000000000000000000, -1.000000000000000000 ) ) ;
#94 = ORIENTED_EDGE ( 'NONE', *, *, #2055, .T. ) ;
#95 = AXIS2_PLACEMENT_3D ( 'NONE', #1089, #2363, #2150 ) ;
#96 = ORIENTED_EDGE ( 'NONE', *, *, #368, .T. ) ;
#97 = DIRECTION ( 'NONE',  ( -0.000000000000000000, -0.000000000000000000, 1.000000000000000000 ) ) ;
#98 = DIRECTION ( 'NONE',  ( 0.000000000000000000, 0.000000000000000000, -1.000000000000000000 ) ) ;
#99 = PLANE ( 'NONE',  #1240 ) ;
#100 = FILL_AREA_STYLE_COLOUR ( '', #432 ) ;
#101 = VECTOR ( 'NONE', #537, 1000.000000000000000 ) ;
#102 = DIRECTION ( 'NONE',  ( 0.000000000000000000, 1.000000000000000000, 0.000000000000000000 ) ) ;
#103 = EDGE_CURVE ( 'NONE', #2225, #1749, #1927, .T. ) ;
#104 = DIRECTION ( 'NONE',  ( -1.000000000000000000, 0.000000000000000000, 0.000000000000000000 ) ) ;
#105 = VECTOR ( 'NONE', #555, 1000.000000000000000 ) ;
#106 = AXIS2_PLACEMENT_3D ( 'NONE', #586, #1853, #1713 ) ;
#107 = FILL_AREA_STYLE_COLOUR ( '', #1049 ) ;
#108 = VERTEX_POINT ( 'NONE', #827 ) ;
#109 = ORIENTED_EDGE ( 'NONE', *, *, #2364, .T. ) ;
#110 = VERTEX_POINT ( 'NONE', #267 ) ;
#111 = AXIS2_PLACEMENT_3D ( 'NONE', #1097, #19, #1468 ) ;
#112 = CARTESIAN_POINT ( 'NONE',  ( 1.932500000000000551, -11.69999999999999751, 0.000000000000000000 ) ) ;
#113 = CARTESIAN_POINT ( 'NONE',  ( 5.197500000000000675, 2.250000000000002220, 1.084999999999999964 ) ) ;
#114 = DIRECTION ( 'NONE',  ( -1.000000000000000000, 0.000000000000000000, 0.000000000000000000 ) ) ;
#115 = DIRECTION ( 'NONE',  ( 0.000000000000000000, -1.000000000000000000, 0.000000000000000000 ) ) ;
#116 = CARTESIAN_POINT ( 'NONE',  ( -4.564999999999999503, 0.7000000000000000666, -2.614999999999999325 ) ) ;
#117 = VERTEX_POINT ( 'NONE', #302 ) ;
#118 = EDGE_CURVE ( 'NONE', #1520, #2311, #1330, .T. ) ;
#119 = ORIENTED_EDGE ( 'NONE', *, *, #2220, .F. ) ;
#120 = AXIS2_PLACEMENT_3D ( 'NONE', #818, #54, #1395 ) ;
#121 = VERTEX_POINT ( 'NONE', #668 ) ;
#122 = ORIENTED_EDGE ( 'NONE', *, *, #2296, .F. ) ;
#123 = MECHANICAL_DESIGN_GEOMETRIC_PRESENTATION_REPRESENTATION (  '', ( #821 ), #198 ) ;
#124 = CARTESIAN_POINT ( 'NONE',  ( -3.864999999999999769, 0.7000000000000000666, -2.214999999999999414 ) ) ;
#125 = VECTOR ( 'NONE', #2046, 1000.000000000000000 ) ;
#126 = DIRECTION ( 'NONE',  ( 1.000000000000000000, -0.000000000000000000, 0.000000000000000000 ) ) ;
#127 = DIRECTION ( 'NONE',  ( -0.000000000000000000, -0.000000000000000000, 1.000000000000000000 ) ) ;
#128 = CARTESIAN_POINT ( 'NONE',  ( 5.197500000000000675, 2.250000000000002220, 1.084999999999999964 ) ) ;
#129 = CARTESIAN_POINT ( 'NONE',  ( -6.397499999999999076, 2.550000000000002931, 1.185000000000000053 ) ) ;
#130 = ORIENTED_EDGE ( 'NONE', *, *, #1344, .T. ) ;
#131 = ORIENTED_EDGE ( 'NONE', *, *, #881, .F. ) ;
#132 = EDGE_CURVE ( 'NONE', #1324, #2323, #893, .T. ) ;
#133 = EDGE_LOOP ( 'NONE', ( #2252, #907, #1611, #1346 ) ) ;
#134 = PLANE ( 'NONE',  #3 ) ;
#135 = AXIS2_PLACEMENT_3D ( 'NONE', #2221, #2235, #968 ) ;
#136 = LINE ( 'NONE', #521, #626 ) ;
#137 = AXIS2_PLACEMENT_3D ( 'NONE', #5, #952, #1691 ) ;
#138 = CARTESIAN_POINT ( 'NONE',  ( 0.000000000000000000, 0.000000000000000000, 1.185000000000000053 ) ) ;
#139 = LINE ( 'NONE', #1965, #1305 ) ;
#140 = ORIENTED_EDGE ( 'NONE', *, *, #557, .F. ) ;
#141 = DIRECTION ( 'NONE',  ( -1.180083997263133971E-16, 1.000000000000000000, -0.000000000000000000 ) ) ;
#142 = EDGE_LOOP ( 'NONE', ( #259, #172, #437, #778 ) ) ;
#143 = ORIENTED_EDGE ( 'NONE', *, *, #848, .T. ) ;
#144 = FACE_OUTER_BOUND ( 'NONE', #1619, .T. ) ;
#145 = EDGE_CURVE ( 'NONE', #2310, #715, #782, .T. ) ;
#146 = LINE ( 'NONE', #167, #1871 ) ;
#147 = DIRECTION ( 'NONE',  ( 0.000000000000000000, 0.000000000000000000, -1.000000000000000000 ) ) ;
#148 = DIRECTION ( 'NONE',  ( 1.180083997263133971E-16, -1.000000000000000000, 0.000000000000000000 ) ) ;
#149 = VERTEX_POINT ( 'NONE', #2299 ) ;
#150 = FACE_OUTER_BOUND ( 'NONE', #1115, .T. ) ;
#151 = ORIENTED_EDGE ( 'NONE', *, *, #1511, .T. ) ;
#152 = EDGE_CURVE ( 'NONE', #2310, #538, #2122, .T. ) ;
#153 = ORIENTED_EDGE ( 'NONE', *, *, #1874, .T. ) ;
#154 = CARTESIAN_POINT ( 'NONE',  ( -3.564999999999999947, 0.7000000000000000666, -2.614999999999999769 ) ) ;
#155 = PLANE ( 'NONE',  #747 ) ;
#156 = LINE ( 'NONE', #168, #1033 ) ;
#157 = EDGE_CURVE ( 'NONE', #1303, #479, #646, .T. ) ;
#158 = MECHANICAL_DESIGN_GEOMETRIC_PRESENTATION_REPRESENTATION (  '', ( #1410 ), #50 ) ;
#159 = EDGE_CURVE ( 'NONE', #1055, #960, #624, .T. ) ;
#160 = CARTESIAN_POINT ( 'NONE',  ( 6.202500000000004121, -11.69999999999999751, 4.959819536546820043E-17 ) ) ;
#161 = CARTESIAN_POINT ( 'NONE',  ( -6.202499999999998792, -11.69999999999999929, 0.000000000000000000 ) ) ;
#162 = DIRECTION ( 'NONE',  ( 1.927470528863116583E-15, 1.000000000000000000, -0.000000000000000000 ) ) ;
#163 = VERTEX_POINT ( 'NONE', #1940 ) ;
#164 = ORIENTED_EDGE ( 'NONE', *, *, #1705, .F. ) ;
#165 = ORIENTED_EDGE ( 'NONE', *, *, #1586, .T. ) ;
#166 = CARTESIAN_POINT ( 'NONE',  ( -5.392499999999998295, -14.19999999999999751, 4.959819536546793542E-17 ) ) ;
#167 = CARTESIAN_POINT ( 'NONE',  ( 5.392499999999997407, -11.69999999999999751, 0.000000000000000000 ) ) ;
#168 = CARTESIAN_POINT ( 'NONE',  ( 5.197500000000000675, 2.550000000000002931, 1.084999999999999964 ) ) ;
#169 = DIRECTION ( 'NONE',  ( -1.000000000000000000, 0.000000000000000000, -0.000000000000000000 ) ) ;
#170 = EDGE_CURVE ( 'NONE', #1430, #1807, #193, .T. ) ;
#171 = DIRECTION ( 'NONE',  ( 1.180083997263133724E-16, -1.000000000000000000, 0.000000000000000000 ) ) ;
#172 = ORIENTED_EDGE ( 'NONE', *, *, #1948, .T. ) ;
#173 = VECTOR ( 'NONE', #1449, 1000.000000000000000 ) ;
#174 = ADVANCED_FACE ( 'NONE', ( #2156 ), #1970, .T. ) ;
#175 = CARTESIAN_POINT ( 'NONE',  ( -5.647499999999998188, 2.250000000000001776, 1.185000000000000053 ) ) ;
#176 = ORIENTED_EDGE ( 'NONE', *, *, #170, .F. ) ;
#177 = ORIENTED_EDGE ( 'NONE', *, *, #1960, .F. ) ;
#178 = VERTEX_POINT ( 'NONE', #1422 ) ;
#179 = DIRECTION ( 'NONE',  ( -1.000000000000000000, 1.927470528863116583E-15, 0.000000000000000000 ) ) ;
#180 = LINE ( 'NONE', #1109, #420 ) ;
#181 = DIRECTION ( 'NONE',  ( -1.000000000000000000, 0.000000000000000000, 0.000000000000000000 ) ) ;
#182 = FACE_OUTER_BOUND ( 'NONE', #2040, .T. ) ;
#183 = FACE_OUTER_BOUND ( 'NONE', #1780, .T. ) ;
#184 = ORIENTED_EDGE ( 'NONE', *, *, #529, .T. ) ;
#185 = FACE_BOUND ( 'NONE', #422, .T. ) ;
#186 = EDGE_LOOP ( 'NONE', ( #1880, #516, #1955, #1892 ) ) ;
#187 = EDGE_CURVE ( 'NONE', #2034, #1967, #1822, .T. ) ;
#188 = ORIENTED_EDGE ( 'NONE', *, *, #2364, .F. ) ;
#189 = EDGE_LOOP ( 'NONE', ( #1953, #247, #208, #1969 ) ) ;
#190 = LINE ( 'NONE', #607, #1166 ) ;
#191 = DIRECTION ( 'NONE',  ( -1.180083997263133971E-16, 1.000000000000000000, -0.000000000000000000 ) ) ;
#192 = CARTESIAN_POINT ( 'NONE',  ( -5.647499999999998188, 2.250000000000001776, 1.185000000000000053 ) ) ;
#193 = CIRCLE ( 'NONE', #543, 0.4000000000000001887 ) ;
#194 = CARTESIAN_POINT ( 'NONE',  ( 5.197500000000000675, 2.550000000000002931, 1.084999999999999964 ) ) ;
#195 = ADVANCED_FACE ( 'NONE', ( #1467 ), #507, .T. ) ;
#196 = DIRECTION ( 'NONE',  ( -1.000000000000000000, 0.000000000000000000, 0.000000000000000000 ) ) ;
#197 = VERTEX_POINT ( 'NONE', #1263 ) ;
#198 =( GEOMETRIC_REPRESENTATION_CONTEXT ( 3 ) GLOBAL_UNCERTAINTY_ASSIGNED_CONTEXT ( ( #2401 ) ) GLOBAL_UNIT_ASSIGNED_CONTEXT ( ( #1369, #638, #877 ) ) REPRESENTATION_CONTEXT ( 'NONE', 'WORKASPACE' ) );
#199 = FILL_AREA_STYLE_COLOUR ( '', #1086 ) ;
#200 = ORIENTED_EDGE ( 'NONE', *, *, #685, .F. ) ;
#201 = ORIENTED_EDGE ( 'NONE', *, *, #637, .T. ) ;
#202 = ORIENTED_EDGE ( 'NONE', *, *, #2296, .T. ) ;
#203 = CARTESIAN_POINT ( 'NONE',  ( -3.165000000000000036, 0.7000000000000000666, -2.214999999999999414 ) ) ;
#204 = DIRECTION ( 'NONE',  ( -1.000000000000000000, 0.000000000000000000, 0.000000000000000000 ) ) ;
#205 = CARTESIAN_POINT ( 'NONE',  ( -5.647499999999998188, 2.550000000000002043, 1.084999999999999964 ) ) ;
#206 = AXIS2_PLACEMENT_3D ( 'NONE', #138, #147, #169 ) ;
#207 = PLANE ( 'NONE',  #1264 ) ;
#208 = ORIENTED_EDGE ( 'NONE', *, *, #471, .T. ) ;
#209 =( LENGTH_UNIT ( ) NAMED_UNIT ( * ) SI_UNIT ( .MILLI., .METRE. ) );
#210 = VERTEX_POINT ( 'NONE', #154 ) ;
#211 = CIRCLE ( 'NONE', #1574, 0.2999999999999999334 ) ;
#212 = VECTOR ( 'NONE', #2232, 1000.000000000000000 ) ;
#213 = ORIENTED_EDGE ( 'NONE', *, *, #1344, .F. ) ;
#214 = VERTEX_POINT ( 'NONE', #1290 ) ;
#215 = LINE ( 'NONE', #1304, #237 ) ;
#216 = PRODUCT ( 'KBP2010', 'KBP2010', '', ( #493 ) ) ;
#217 = VECTOR ( 'NONE', #692, 1000.000000000000000 ) ;
#218 = DIRECTION ( 'NONE',  ( 1.000000000000000000, 0.000000000000000000, 0.000000000000000000 ) ) ;
#219 = DIRECTION ( 'NONE',  ( 1.180083997263133971E-16, -1.000000000000000000, 0.000000000000000000 ) ) ;
#220 = CARTESIAN_POINT ( 'NONE',  ( -1.527500000000001190, 1.000000000000001554, 4.959819536546776902E-17 ) ) ;
#221 = PRESENTATION_STYLE_ASSIGNMENT (( #797 ) ) ;
#222 = CARTESIAN_POINT ( 'NONE',  ( -5.947499999999998010, 1.800000000000003153, 1.084999999999999964 ) ) ;
#223 = ORIENTED_EDGE ( 'NONE', *, *, #273, .F. ) ;
#224 = ORIENTED_EDGE ( 'NONE', *, *, #1193, .T. ) ;
#225 = CARTESIAN_POINT ( 'NONE',  ( 4.164999999999999147, 0.000000000000000000, -2.614999999999999769 ) ) ;
#226 = LINE ( 'NONE', #1551, #2262 ) ;
#227 = CYLINDRICAL_SURFACE ( 'NONE', #663, 0.3999999999999999667 ) ;
#228 = PLANE ( 'NONE',  #2185 ) ;
#229 = AXIS2_PLACEMENT_3D ( 'NONE', #1379, #1145, #1013 ) ;
#230 = EDGE_CURVE ( 'NONE', #1983, #2323, #702, .T. ) ;
#231 = FACE_OUTER_BOUND ( 'NONE', #1718, .T. ) ;
#232 = ADVANCED_FACE ( 'NONE', ( #1625 ), #2357, .T. ) ;
#233 = LINE ( 'NONE', #35, #1905 ) ;
#234 = PRESENTATION_LAYER_ASSIGNMENT (  '', '', ( #744 ) ) ;
#235 = DIRECTION ( 'NONE',  ( 0.000000000000000000, 0.000000000000000000, 1.000000000000000000 ) ) ;
#236 = ORIENTED_EDGE ( 'NONE', *, *, #1370, .T. ) ;
#237 = VECTOR ( 'NONE', #2260, 1000.000000000000000 ) ;
#238 = ORIENTED_EDGE ( 'NONE', *, *, #90, .T. ) ;
#239 = CARTESIAN_POINT ( 'NONE',  ( -5.947499999999998010, 2.550000000000002043, 1.084999999999999964 ) ) ;
#240 = DIRECTION ( 'NONE',  ( 0.000000000000000000, 1.000000000000000000, 0.000000000000000000 ) ) ;
#241 = LINE ( 'NONE', #1941, #2324 ) ;
#242 = FACE_OUTER_BOUND ( 'NONE', #1636, .T. ) ;
#243 = CARTESIAN_POINT ( 'NONE',  ( 4.164999999999999147, 1.000000000000002220, -2.614999999999999769 ) ) ;
#244 = ADVANCED_FACE ( 'NONE', ( #144 ), #1612, .T. ) ;
#245 = SURFACE_SIDE_STYLE ('',( #46 ) ) ;
#246 = CARTESIAN_POINT ( 'NONE',  ( 5.392499999999995630, 1.000000000000002442, 0.000000000000000000 ) ) ;
#247 = ORIENTED_EDGE ( 'NONE', *, *, #814, .F. ) ;
#248 = EDGE_CURVE ( 'NONE', #384, #39, #2383, .T. ) ;
#249 = EDGE_CURVE ( 'NONE', #2054, #1818, #343, .T. ) ;
#250 = VECTOR ( 'NONE', #591, 1000.000000000000000 ) ;
#251 = VERTEX_POINT ( 'NONE', #2199 ) ;
#252 = LINE ( 'NONE', #825, #1246 ) ;
#253 = AXIS2_PLACEMENT_3D ( 'NONE', #737, #1132, #1512 ) ;
#254 = VERTEX_POINT ( 'NONE', #1639 ) ;
#255 = CARTESIAN_POINT ( 'NONE',  ( 5.197500000000000675, 2.250000000000002220, 1.084999999999999964 ) ) ;
#256 = DIRECTION ( 'NONE',  ( -1.000000000000000000, 0.000000000000000000, 0.000000000000000000 ) ) ;
#257 = DIRECTION ( 'NONE',  ( -1.180083997263133724E-16, 1.000000000000000000, -0.000000000000000000 ) ) ;
#258 = DIRECTION ( 'NONE',  ( 1.180083997263133971E-16, -1.000000000000000000, 0.000000000000000000 ) ) ;
#259 = ORIENTED_EDGE ( 'NONE', *, *, #2027, .T. ) ;
#260 = DIRECTION ( 'NONE',  ( -1.180083997263133971E-16, 1.000000000000000000, -0.000000000000000000 ) ) ;
#261 = PLANE ( 'NONE',  #1675 ) ;
#262 = ORIENTED_EDGE ( 'NONE', *, *, #1275, .T. ) ;
#263 = ORIENTED_EDGE ( 'NONE', *, *, #14, .F. ) ;
#264 = LINE ( 'NONE', #1565, #1211 ) ;
#265 = ADVANCED_FACE ( 'NONE', ( #541 ), #134, .F. ) ;
#266 = FACE_OUTER_BOUND ( 'NONE', #869, .T. ) ;
#267 = CARTESIAN_POINT ( 'NONE',  ( -5.197499999999998010, 2.250000000000002665, 1.185000000000000053 ) ) ;
#268 = CARTESIAN_POINT ( 'NONE',  ( 3.564999999999999947, 0.000000000000000000, 0.7850000000000001421 ) ) ;
#269 = CARTESIAN_POINT ( 'NONE',  ( -5.947499999999998010, 1.800000000000003153, 1.084999999999999964 ) ) ;
#270 = ORIENTED_EDGE ( 'NONE', *, *, #334, .T. ) ;
#271 = DIRECTION ( 'NONE',  ( 1.000000000000000000, -1.927470528863115795E-15, 0.000000000000000000 ) ) ;
#272 = CYLINDRICAL_SURFACE ( 'NONE', #1570, 0.4000000000000000222 ) ;
#273 = EDGE_CURVE ( 'NONE', #1271, #858, #2345, .T. ) ;
#274 = EDGE_LOOP ( 'NONE', ( #2294, #200, #1238, #1107 ) ) ;
#275 = CIRCLE ( 'NONE', #1628, 0.4000000000000001887 ) ;
#276 = AXIS2_PLACEMENT_3D ( 'NONE', #730, #353, #899 ) ;
#277 = ORIENTED_EDGE ( 'NONE', *, *, #1702, .T. ) ;
#278 = FACE_OUTER_BOUND ( 'NONE', #1175, .T. ) ;
#279 = AXIS2_PLACEMENT_3D ( 'NONE', #1579, #2312, #1719 ) ;
#280 = EDGE_CURVE ( 'NONE', #300, #979, #1849, .T. ) ;
#281 = CARTESIAN_POINT ( 'NONE',  ( -4.164999999999999147, 0.000000000000000000, -2.614999999999999769 ) ) ;
#282 = DIRECTION ( 'NONE',  ( 0.000000000000000000, 0.000000000000000000, 1.000000000000000000 ) ) ;
#283 = CARTESIAN_POINT ( 'NONE',  ( 4.564999999999999503, 0.7000000000000011768, -2.214999999999999414 ) ) ;
#284 = CARTESIAN_POINT ( 'NONE',  ( 4.564999999999999503, 1.000000000000001776, 0.7850000000000001421 ) ) ;
#285 = DIRECTION ( 'NONE',  ( 0.000000000000000000, 0.000000000000000000, 1.000000000000000000 ) ) ;
#286 =( NAMED_UNIT ( * ) SI_UNIT ( $, .STERADIAN. ) SOLID_ANGLE_UNIT ( ) );
#287 = ORIENTED_EDGE ( 'NONE', *, *, #1950, .F. ) ;
#288 = ORIENTED_EDGE ( 'NONE', *, *, #1075, .F. ) ;
#289 = DIRECTION ( 'NONE',  ( 0.000000000000000000, 0.000000000000000000, -1.000000000000000000 ) ) ;
#290 = VECTOR ( 'NONE', #1806, 1000.000000000000000 ) ;
#291 = CARTESIAN_POINT ( 'NONE',  ( -5.197499999999998010, 2.550000000000002931, 1.185000000000000053 ) ) ;
#292 = CARTESIAN_POINT ( 'NONE',  ( -5.647499999999998188, 1.800000000000003153, 1.084999999999999964 ) ) ;
#293 =( NAMED_UNIT ( * ) PLANE_ANGLE_UNIT ( ) SI_UNIT ( $, .RADIAN. ) );
#294 = ADVANCED_FACE ( 'NONE', ( #1062 ), #1453, .T. ) ;
#295 = VECTOR ( 'NONE', #2276, 1000.000000000000000 ) ;
#296 = DIRECTION ( 'NONE',  ( 0.000000000000000000, 1.000000000000000000, 0.000000000000000000 ) ) ;
#297 = FACE_OUTER_BOUND ( 'NONE', #1473, .T. ) ;
#298 = VERTEX_POINT ( 'NONE', #705 ) ;
#299 = EDGE_LOOP ( 'NONE', ( #592, #528, #490, #686 ) ) ;
#300 = VERTEX_POINT ( 'NONE', #519 ) ;
#301 = ORIENTED_EDGE ( 'NONE', *, *, #862, .F. ) ;
#302 = CARTESIAN_POINT ( 'NONE',  ( 3.564999999999999947, 0.6999999999999991784, -2.614999999999999769 ) ) ;
#303 = CARTESIAN_POINT ( 'NONE',  ( 0.000000000000000000, 0.000000000000000000, 0.000000000000000000 ) ) ;
#304 = DIRECTION ( 'NONE',  ( 0.000000000000000000, 1.000000000000000000, 0.000000000000000000 ) ) ;
#305 = DIRECTION ( 'NONE',  ( 1.000000000000000000, -0.000000000000000000, 0.000000000000000000 ) ) ;
#306 = DIRECTION ( 'NONE',  ( 1.180083997263133971E-16, -1.000000000000000000, 0.000000000000000000 ) ) ;
#307 = PLANE ( 'NONE',  #1682 ) ;
#308 = EDGE_CURVE ( 'NONE', #2270, #1313, #676, .T. ) ;
#309 = PLANE ( 'NONE',  #408 ) ;
#310 = ORIENTED_EDGE ( 'NONE', *, *, #504, .F. ) ;
#311 = VERTEX_POINT ( 'NONE', #2009 ) ;
#312 = ORIENTED_EDGE ( 'NONE', *, *, #605, .F. ) ;
#313 = VERTEX_POINT ( 'NONE', #1239 ) ;
#314 = DIRECTION ( 'NONE',  ( 0.000000000000000000, -1.000000000000000000, 0.000000000000000000 ) ) ;
#315 = AXIS2_PLACEMENT_3D ( 'NONE', #1786, #1602, #2338 ) ;
#316 = FACE_OUTER_BOUND ( 'NONE', #421, .T. ) ;
#317 = FACE_OUTER_BOUND ( 'NONE', #553, .T. ) ;
#318 = FILL_AREA_STYLE_COLOUR ( '', #704 ) ;
#319 = DIRECTION ( 'NONE',  ( 0.000000000000000000, 0.000000000000000000, 1.000000000000000000 ) ) ;
#320 = LINE ( 'NONE', #2365, #1846 ) ;
#321 = VERTEX_POINT ( 'NONE', #166 ) ;
#322 = DIRECTION ( 'NONE',  ( -0.000000000000000000, 0.000000000000000000, -1.000000000000000000 ) ) ;
#323 = EDGE_LOOP ( 'NONE', ( #73, #1226, #729, #1695 ) ) ;
#324 = EDGE_CURVE ( 'NONE', #1106, #1514, #1661, .T. ) ;
#325 = AXIS2_PLACEMENT_3D ( 'NONE', #890, #1643, #2373 ) ;
#326 = EDGE_LOOP ( 'NONE', ( #1227, #792, #480, #1681 ) ) ;
#327 = CARTESIAN_POINT ( 'NONE',  ( -6.397499999999999076, 2.250000000000002665, 1.084999999999999964 ) ) ;
#328 = CARTESIAN_POINT ( 'NONE',  ( 1.527500000000000746, -11.69999999999999751, 0.000000000000000000 ) ) ;
#329 = DIRECTION ( 'NONE',  ( 0.000000000000000000, -0.000000000000000000, -1.000000000000000000 ) ) ;
#330 = CIRCLE ( 'NONE', #2339, 0.4049999999999999711 ) ;
#331 = FACE_OUTER_BOUND ( 'NONE', #2258, .T. ) ;
#332 = VECTOR ( 'NONE', #271, 1000.000000000000000 ) ;
#333 = CARTESIAN_POINT ( 'NONE',  ( -5.947499999999998010, 2.550000000000002043, 1.084999999999999964 ) ) ;
#334 = EDGE_CURVE ( 'NONE', #2068, #1983, #2253, .T. ) ;
#335 = DIRECTION ( 'NONE',  ( 1.180083997263133724E-16, -1.000000000000000000, 0.000000000000000000 ) ) ;
#336 = ORIENTED_EDGE ( 'NONE', *, *, #368, .F. ) ;
#337 = EDGE_CURVE ( 'NONE', #1333, #363, #215, .T. ) ;
#338 = VECTOR ( 'NONE', #473, 1000.000000000000000 ) ;
#339 = CARTESIAN_POINT ( 'NONE',  ( 4.564999999999999503, 1.000000000000001776, -2.614999999999999325 ) ) ;
#340 = ORIENTED_EDGE ( 'NONE', *, *, #1566, .F. ) ;
#341 = ORIENTED_EDGE ( 'NONE', *, *, #1169, .F. ) ;
#342 = ADVANCED_FACE ( 'NONE', ( #1894 ), #1709, .T. ) ;
#343 = LINE ( 'NONE', #1252, #1901 ) ;
#344 = CARTESIAN_POINT ( 'NONE',  ( -5.647499999999998188, 2.550000000000002043, 1.084999999999999964 ) ) ;
#345 = DIRECTION ( 'NONE',  ( -1.927470528863115795E-15, 1.000000000000000000, 0.000000000000000000 ) ) ;
#346 = UNCERTAINTY_MEASURE_WITH_UNIT (LENGTH_MEASURE( 1.000000000000000082E-05 ), #1357, 'distance_accuracy_value', 'NONE');
#347 = CARTESIAN_POINT ( 'NONE',  ( 1.932500000000000551, -11.69999999999999751, 0.000000000000000000 ) ) ;
#348 = DIRECTION ( 'NONE',  ( 1.000000000000000000, 1.180083997263133724E-16, 0.000000000000000000 ) ) ;
#349 = ORIENTED_EDGE ( 'NONE', *, *, #2149, .T. ) ;
#350 = CLOSED_SHELL ( 'NONE', ( #1923, #174, #70, #916 ) ) ;
#351 = DIRECTION ( 'NONE',  ( 1.000000000000000000, 0.000000000000000000, 0.000000000000000000 ) ) ;
#352 = ORIENTED_EDGE ( 'NONE', *, *, #1243, .T. ) ;
#353 = DIRECTION ( 'NONE',  ( 0.000000000000000000, 0.000000000000000000, -1.000000000000000000 ) ) ;
#354 = ADVANCED_FACE ( 'NONE', ( #961 ), #2035, .F. ) ;
#355 = DIRECTION ( 'NONE',  ( 8.503546450866702047E-17, -1.000000000000000000, 0.000000000000000000 ) ) ;
#356 = DIRECTION ( 'NONE',  ( 0.000000000000000000, 0.000000000000000000, 1.000000000000000000 ) ) ;
#357 =( GEOMETRIC_REPRESENTATION_CONTEXT ( 3 ) GLOBAL_UNCERTAINTY_ASSIGNED_CONTEXT ( ( #346 ) ) GLOBAL_UNIT_ASSIGNED_CONTEXT ( ( #1357, #57, #573 ) ) REPRESENTATION_CONTEXT ( 'NONE', 'WORKASPACE' ) );
#358 = DIRECTION ( 'NONE',  ( 1.000000000000000000, 1.927470528863119739E-15, 0.000000000000000000 ) ) ;
#359 = DIRECTION ( 'NONE',  ( -1.000000000000000000, 0.000000000000000000, -0.000000000000000000 ) ) ;
#360 = DIRECTION ( 'NONE',  ( 1.000000000000000000, 0.000000000000000000, 0.000000000000000000 ) ) ;
#361 = DIRECTION ( 'NONE',  ( -1.000000000000000000, -1.927470528863119739E-15, -0.000000000000000000 ) ) ;
#362 = ORIENTED_EDGE ( 'NONE', *, *, #308, .F. ) ;
#363 = VERTEX_POINT ( 'NONE', #922 ) ;
#364 = DIRECTION ( 'NONE',  ( 0.000000000000000000, 1.000000000000000000, 0.000000000000000000 ) ) ;
#365 = CARTESIAN_POINT ( 'NONE',  ( -3.165000000000000036, 0.7000000000000000666, -2.614999999999999325 ) ) ;
#366 = PLANE ( 'NONE',  #1164 ) ;
#367 = CARTESIAN_POINT ( 'NONE',  ( -5.647499999999998188, 2.550000000000002043, 1.185000000000000053 ) ) ;
#368 = EDGE_CURVE ( 'NONE', #149, #110, #190, .T. ) ;
#369 = LINE ( 'NONE', #33, #720 ) ;
#370 = DIRECTION ( 'NONE',  ( 0.000000000000000000, 1.000000000000000000, 0.000000000000000000 ) ) ;
#371 = VECTOR ( 'NONE', #1428, 1000.000000000000000 ) ;
#372 = VERTEX_POINT ( 'NONE', #1334 ) ;
#373 = VERTEX_POINT ( 'NONE', #203 ) ;
#374 = ORIENTED_EDGE ( 'NONE', *, *, #1816, .F. ) ;
#375 = DIRECTION ( 'NONE',  ( -0.000000000000000000, -1.000000000000000000, -0.000000000000000000 ) ) ;
#376 = LINE ( 'NONE', #2012, #2389 ) ;
#377 = DIRECTION ( 'NONE',  ( 0.000000000000000000, 0.000000000000000000, -1.000000000000000000 ) ) ;
#378 = DIRECTION ( 'NONE',  ( -0.7071067811865479058, -0.7071067811865472397, 0.000000000000000000 ) ) ;
#379 = CARTESIAN_POINT ( 'NONE',  ( -6.397499999999999076, 2.550000000000002931, 1.084999999999999964 ) ) ;
#380 = ORIENTED_EDGE ( 'NONE', *, *, #1243, .F. ) ;
#381 = EDGE_CURVE ( 'NONE', #1855, #2311, #1524, .T. ) ;
#382 = LINE ( 'NONE', #1331, #677 ) ;
#383 = ORIENTED_EDGE ( 'NONE', *, *, #932, .F. ) ;
#384 = VERTEX_POINT ( 'NONE', #399 ) ;
#385 = DIRECTION ( 'NONE',  ( 1.000000000000000000, 1.180083997263133724E-16, -0.000000000000000000 ) ) ;
#386 = DIRECTION ( 'NONE',  ( 0.000000000000000000, 0.000000000000000000, 1.000000000000000000 ) ) ;
#387 = CARTESIAN_POINT ( 'NONE',  ( -5.797500000000000320, 1.000000000000001110, 0.000000000000000000 ) ) ;
#388 = CARTESIAN_POINT ( 'NONE',  ( -5.647499999999998188, 2.550000000000002043, 1.185000000000000053 ) ) ;
#389 = DIRECTION ( 'NONE',  ( 0.000000000000000000, 0.000000000000000000, 1.000000000000000000 ) ) ;
#390 = VERTEX_POINT ( 'NONE', #1349 ) ;
#391 = CIRCLE ( 'NONE', #1869, 0.3999999999999999667 ) ;
#392 = VECTOR ( 'NONE', #438, 1000.000000000000000 ) ;
#393 = FILL_AREA_STYLE ('',( #1131 ) ) ;
#394 = VECTOR ( 'NONE', #2306, 1000.000000000000000 ) ;
#395 = DIRECTION ( 'NONE',  ( -1.000000000000000000, 0.000000000000000000, -0.000000000000000000 ) ) ;
#396 = VERTEX_POINT ( 'NONE', #1674 ) ;
#397 = ORIENTED_EDGE ( 'NONE', *, *, #1260, .T. ) ;
#398 = ORIENTED_EDGE ( 'NONE', *, *, #1370, .F. ) ;
#399 = CARTESIAN_POINT ( 'NONE',  ( -3.165000000000000036, 1.000000000000000888, 0.7850000000000001421 ) ) ;
#400 = EDGE_CURVE ( 'NONE', #251, #914, #1124, .T. ) ;
#401 = DIRECTION ( 'NONE',  ( 0.000000000000000000, -1.000000000000000000, 0.000000000000000000 ) ) ;
#402 = CARTESIAN_POINT ( 'NONE',  ( -3.864999999999999769, 0.7000000000000000666, -2.214999999999999414 ) ) ;
#403 = PLANE ( 'NONE',  #1026 ) ;
#404 = LINE ( 'NONE', #1497, #212 ) ;
#405 = DIRECTION ( 'NONE',  ( 0.000000000000000000, 0.000000000000000000, 1.000000000000000000 ) ) ;
#406 = DIRECTION ( 'NONE',  ( 1.000000000000000000, 1.180083997263133724E-16, -0.000000000000000000 ) ) ;
#407 = ORIENTED_EDGE ( 'NONE', *, *, #1761, .T. ) ;
#408 = AXIS2_PLACEMENT_3D ( 'NONE', #1617, #904, #348 ) ;
#409 = VECTOR ( 'NONE', #430, 1000.000000000000000 ) ;
#410 = ORIENTED_EDGE ( 'NONE', *, *, #334, .F. ) ;
#411 = AXIS2_PLACEMENT_3D ( 'NONE', #759, #191, #1651 ) ;
#412 = DIRECTION ( 'NONE',  ( -0.000000000000000000, -1.000000000000000000, -0.000000000000000000 ) ) ;
#413 = VECTOR ( 'NONE', #2037, 1000.000000000000000 ) ;
#414 = EDGE_CURVE ( 'NONE', #738, #214, #1860, .T. ) ;
#415 = DIRECTION ( 'NONE',  ( 0.000000000000000000, 0.000000000000000000, 1.000000000000000000 ) ) ;
#416 = EDGE_CURVE ( 'NONE', #1807, #251, #756, .T. ) ;
#417 = FACE_OUTER_BOUND ( 'NONE', #1273, .T. ) ;
#418 = CARTESIAN_POINT ( 'NONE',  ( -4.564999999999999503, 0.7000000000000000666, 0.7850000000000001421 ) ) ;
#419 = LINE ( 'NONE', #442, #562 ) ;
#420 = VECTOR ( 'NONE', #1087, 1000.000000000000000 ) ;
#421 = EDGE_LOOP ( 'NONE', ( #2008, #16, #1857, #1922 ) ) ;
#422 = EDGE_LOOP ( 'NONE', ( #1673, #530, #851, #383, #1044, #1968, #1160, #536, #2069, #1245, #1388, #1513 ) ) ;
#423 = DIRECTION ( 'NONE',  ( 0.000000000000000000, 0.000000000000000000, 1.000000000000000000 ) ) ;
#424 = CLOSED_SHELL ( 'NONE', ( #2144, #1237, #59, #1994 ) ) ;
#425 = ORIENTED_EDGE ( 'NONE', *, *, #429, .T. ) ;
#426 = DIRECTION ( 'NONE',  ( -0.000000000000000000, -0.000000000000000000, 1.000000000000000000 ) ) ;
#427 = EDGE_CURVE ( 'NONE', #2088, #1749, #742, .T. ) ;
#429 = EDGE_CURVE ( 'NONE', #2236, #163, #2058, .T. ) ;
#428 = FACE_OUTER_BOUND ( 'NONE', #2078, .T. ) ;
#430 = DIRECTION ( 'NONE',  ( 0.000000000000000000, 1.000000000000000000, 0.000000000000000000 ) ) ;
#431 = EDGE_CURVE ( 'NONE', #2143, #1430, #781, .T. ) ;
#432 = COLOUR_RGB ( '',0.7921568627450980005, 0.8196078431372548767, 0.9333333333333333481 ) ;
#433 = FILL_AREA_STYLE_COLOUR ( '', #470 ) ;
#434 = DIRECTION ( 'NONE',  ( -1.000000000000000000, 0.000000000000000000, 0.000000000000000000 ) ) ;
#435 = ORIENTED_EDGE ( 'NONE', *, *, #2184, .T. ) ;
#436 = EDGE_CURVE ( 'NONE', #1995, #197, #1873, .T. ) ;
#437 = ORIENTED_EDGE ( 'NONE', *, *, #2191, .F. ) ;
#438 = DIRECTION ( 'NONE',  ( 1.000000000000000000, 1.180083997263133724E-16, -0.000000000000000000 ) ) ;
#439 = ADVANCED_FACE ( 'NONE', ( #1151 ), #28, .T. ) ;
#440 = CARTESIAN_POINT ( 'NONE',  ( -3.564999999999999503, 1.000000000000001332, 0.7850000000000001421 ) ) ;
#441 = DIRECTION ( 'NONE',  ( 0.000000000000000000, -1.000000000000000000, 0.000000000000000000 ) ) ;
#442 = CARTESIAN_POINT ( 'NONE',  ( -5.647499999999998188, 2.250000000000001776, 1.084999999999999964 ) ) ;
#443 = VECTOR ( 'NONE', #2075, 1000.000000000000000 ) ;
#444 = DIRECTION ( 'NONE',  ( 1.180083997263133724E-16, -1.000000000000000000, 0.000000000000000000 ) ) ;
#445 = EDGE_CURVE ( 'NONE', #2323, #83, #1881, .T. ) ;
#446 = DIRECTION ( 'NONE',  ( -0.000000000000000000, -1.000000000000000000, -0.000000000000000000 ) ) ;
#447 = ORIENTED_EDGE ( 'NONE', *, *, #1376, .T. ) ;
#448 = VECTOR ( 'NONE', #1620, 1000.000000000000000 ) ;
#449 = VERTEX_POINT ( 'NONE', #1515 ) ;
#450 = CARTESIAN_POINT ( 'NONE',  ( -5.850000000000001421, 12.69999999999999929, 1.185000000000000053 ) ) ;
#451 = ORIENTED_EDGE ( 'NONE', *, *, #1088, .T. ) ;
#452 = DIRECTION ( 'NONE',  ( 1.000000000000000000, 0.000000000000000000, 0.000000000000000000 ) ) ;
#453 = CARTESIAN_POINT ( 'NONE',  ( -5.947499999999998010, 1.800000000000003153, 1.084999999999999964 ) ) ;
#454 = LINE ( 'NONE', #784, #1710 ) ;
#455 = AXIS2_PLACEMENT_3D ( 'NONE', #1920, #258, #829 ) ;
#456 = CARTESIAN_POINT ( 'NONE',  ( 3.165000000000000036, 0.7000000000000008438, -2.214999999999999414 ) ) ;
#457 = SURFACE_SIDE_STYLE ('',( #1560 ) ) ;
#458 = EDGE_LOOP ( 'NONE', ( #1956, #861, #1332, #2092 ) ) ;
#459 = EDGE_CURVE ( 'NONE', #1966, #1271, #597, .T. ) ;
#460 = EDGE_LOOP ( 'NONE', ( #1262, #407, #2079, #1993, #1996, #23, #1716, #1450, #1803, #2269, #767, #1679 ) ) ;
#461 = LINE ( 'NONE', #998, #935 ) ;
#462 = CARTESIAN_POINT ( 'NONE',  ( -5.647499999999998188, 2.250000000000001776, 1.084999999999999964 ) ) ;
#463 = CARTESIAN_POINT ( 'NONE',  ( -5.947499999999998010, 3.000000000000002665, 1.185000000000000053 ) ) ;
#464 = CLOSED_SHELL ( 'NONE', ( #1850, #1795, #514, #860, #964, #654, #1335, #439, #1689, #1622, #789, #1672, #294, #1841, #342, #665, #1200, #195, #1401, #984, #2398, #2307, #1216, #2393, #10, #31, #232, #1104, #773, #1101, #1000, #2021, #1495, #265, #1231, #1801, #1205, #1739, #1717, #1171, #1962, #354, #903, #761, #1610 ) ) ;
#465 = DIRECTION ( 'NONE',  ( 0.000000000000000000, -0.000000000000000000, 1.000000000000000000 ) ) ;
#466 = DIRECTION ( 'NONE',  ( -0.000000000000000000, -0.000000000000000000, 1.000000000000000000 ) ) ;
#467 = CARTESIAN_POINT ( 'NONE',  ( -1.932499999999999218, -11.69999999999999929, 0.000000000000000000 ) ) ;
#468 = ORIENTED_EDGE ( 'NONE', *, *, #1638, .T. ) ;
#469 = VERTEX_POINT ( 'NONE', #1190 ) ;
#470 = COLOUR_RGB ( '',0.7921568627450980005, 0.8196078431372548767, 0.9333333333333333481 ) ;
#471 = EDGE_CURVE ( 'NONE', #1484, #2270, #619, .T. ) ;
#472 = CYLINDRICAL_SURFACE ( 'NONE', #1932, 0.4050000000000034683 ) ;
#473 = DIRECTION ( 'NONE',  ( -0.000000000000000000, -1.000000000000000000, -0.000000000000000000 ) ) ;
#474 = DIRECTION ( 'NONE',  ( -1.000000000000000000, 0.000000000000000000, 0.000000000000000000 ) ) ;
#475 =( NAMED_UNIT ( * ) SI_UNIT ( $, .STERADIAN. ) SOLID_ANGLE_UNIT ( ) );
#476 = FACE_OUTER_BOUND ( 'NONE', #579, .T. ) ;
#477 = EDGE_CURVE ( 'NONE', #1018, #1217, #461, .T. ) ;
#478 = EDGE_LOOP ( 'NONE', ( #575, #1215 ) ) ;
#479 = VERTEX_POINT ( 'NONE', #450 ) ;
#480 = ORIENTED_EDGE ( 'NONE', *, *, #2197, .T. ) ;
#481 = VERTEX_POINT ( 'NONE', #838 ) ;
#482 = CARTESIAN_POINT ( 'NONE',  ( 6.397500000000000853, 2.550000000000002931, 1.084999999999999964 ) ) ;
#483 = VECTOR ( 'NONE', #918, 1000.000000000000000 ) ;
#484 = ADVANCED_FACE ( 'NONE', ( #981 ), #1903, .F. ) ;
#485 = FACE_OUTER_BOUND ( 'NONE', #1377, .T. ) ;
#486 = EDGE_CURVE ( 'NONE', #538, #1055, #264, .T. ) ;
#487 = DIRECTION ( 'NONE',  ( 0.000000000000000000, 0.000000000000000000, 1.000000000000000000 ) ) ;
#488 = DIRECTION ( 'NONE',  ( -0.000000000000000000, -0.000000000000000000, 1.000000000000000000 ) ) ;
#489 = ORIENTED_EDGE ( 'NONE', *, *, #1535, .F. ) ;
#490 = ORIENTED_EDGE ( 'NONE', *, *, #1293, .F. ) ;
#491 = ORIENTED_EDGE ( 'NONE', *, *, #802, .F. ) ;
#492 = DIRECTION ( 'NONE',  ( 1.000000000000000000, 0.000000000000000000, 0.000000000000000000 ) ) ;
#493 = PRODUCT_CONTEXT ( 'NONE', #712, 'mechanical' ) ;
#494 = CARTESIAN_POINT ( 'NONE',  ( -5.647499999999998188, 2.550000000000002043, 1.185000000000000053 ) ) ;
#495 = EDGE_CURVE ( 'NONE', #1835, #1463, #252, .T. ) ;
#496 = DIRECTION ( 'NONE',  ( 0.000000000000000000, 1.000000000000000000, 0.000000000000000000 ) ) ;
#497 = EDGE_CURVE ( 'NONE', #979, #298, #1204, .T. ) ;
#498 = CARTESIAN_POINT ( 'NONE',  ( 5.197500000000000675, 2.550000000000002931, 1.084999999999999964 ) ) ;
#499 = EDGE_CURVE ( 'NONE', #2054, #501, #1754, .T. ) ;
#500 = PLANE ( 'NONE',  #988 ) ;
#501 = VERTEX_POINT ( 'NONE', #1360 ) ;
#502 = LINE ( 'NONE', #1832, #101 ) ;
#503 = EDGE_LOOP ( 'NONE', ( #2222, #1523, #1235, #1359 ) ) ;
#504 = EDGE_CURVE ( 'NONE', #2068, #791, #2089, .T. ) ;
#505 = VERTEX_POINT ( 'NONE', #1391 ) ;
#506 = PRESENTATION_LAYER_ASSIGNMENT (  '', '', ( #1165 ) ) ;
#507 = CYLINDRICAL_SURFACE ( 'NONE', #1122, 0.3999999999999999667 ) ;
#508 = EDGE_CURVE ( 'NONE', #1514, #1666, #1176, .T. ) ;
#509 = VECTOR ( 'NONE', #487, 1000.000000000000000 ) ;
#510 = CARTESIAN_POINT ( 'NONE',  ( 6.397500000000000853, 2.250000000000002220, 1.084999999999999964 ) ) ;
#511 = CARTESIAN_POINT ( 'NONE',  ( -5.647499999999998188, 2.250000000000001776, 1.084999999999999964 ) ) ;
#512 = DIRECTION ( 'NONE',  ( 1.180083997263133724E-16, -1.000000000000000000, 0.000000000000000000 ) ) ;
#513 = VERTEX_POINT ( 'NONE', #239 ) ;
#514 = ADVANCED_FACE ( 'NONE', ( #278 ), #991, .T. ) ;
#515 = LINE ( 'NONE', #2367, #24 ) ;
#516 = ORIENTED_EDGE ( 'NONE', *, *, #2184, .F. ) ;
#517 = CIRCLE ( 'NONE', #1799, 0.4049999999999999711 ) ;
#518 = ORIENTED_EDGE ( 'NONE', *, *, #873, .T. ) ;
#519 = CARTESIAN_POINT ( 'NONE',  ( 5.197500000000000675, 2.250000000000002220, 1.084999999999999964 ) ) ;
#520 = AXIS2_PLACEMENT_3D ( 'NONE', #2341, #2165, #1255 ) ;
#521 = CARTESIAN_POINT ( 'NONE',  ( -6.397499999999999076, 2.550000000000002931, 1.185000000000000053 ) ) ;
#522 = VECTOR ( 'NONE', #1988, 1000.000000000000000 ) ;
#523 = CARTESIAN_POINT ( 'NONE',  ( 6.397500000000000853, 2.550000000000002931, 1.084999999999999964 ) ) ;
#524 = CARTESIAN_POINT ( 'NONE',  ( 5.797499999999998543, 1.000000000000002442, 0.000000000000000000 ) ) ;
#525 = EDGE_LOOP ( 'NONE', ( #1010, #1578, #1877, #752 ) ) ;
#526 = CIRCLE ( 'NONE', #766, 0.4000000000000000222 ) ;
#527 = CARTESIAN_POINT ( 'NONE',  ( -6.397499999999999076, 2.550000000000002931, 1.084999999999999964 ) ) ;
#528 = ORIENTED_EDGE ( 'NONE', *, *, #248, .T. ) ;
#529 = EDGE_CURVE ( 'NONE', #1966, #254, #801, .T. ) ;
#530 = ORIENTED_EDGE ( 'NONE', *, *, #1154, .F. ) ;
#531 = CARTESIAN_POINT ( 'NONE',  ( -3.165000000000000036, 0.7000000000000000666, 0.7850000000000001421 ) ) ;
#532 = LINE ( 'NONE', #2359, #1499 ) ;
#533 = CARTESIAN_POINT ( 'NONE',  ( 7.350000000000001421, 1.000000000000002665, -2.614999999999999769 ) ) ;
#534 = DIRECTION ( 'NONE',  ( -1.000000000000000000, -0.000000000000000000, -0.000000000000000000 ) ) ;
#535 = LINE ( 'NONE', #723, #1142 ) ;
#536 = ORIENTED_EDGE ( 'NONE', *, *, #2302, .F. ) ;
#537 = DIRECTION ( 'NONE',  ( -1.180083997263133724E-16, 1.000000000000000000, -0.000000000000000000 ) ) ;
#538 = VERTEX_POINT ( 'NONE', #1730 ) ;
#539 = EDGE_LOOP ( 'NONE', ( #2112, #1081, #2152, #655 ) ) ;
#540 = ORIENTED_EDGE ( 'NONE', *, *, #678, .T. ) ;
#541 = FACE_OUTER_BOUND ( 'NONE', #1600, .T. ) ;
#542 = AXIS2_PLACEMENT_3D ( 'NONE', #1688, #963, #1839 ) ;
#543 = AXIS2_PLACEMENT_3D ( 'NONE', #2127, #1096, #908 ) ;
#544 = EDGE_CURVE ( 'NONE', #210, #812, #2327, .T. ) ;
#545 = MECHANICAL_DESIGN_GEOMETRIC_PRESENTATION_REPRESENTATION (  '', ( #744 ), #1047 ) ;
#546 = LINE ( 'NONE', #1641, #105 ) ;
#547 = FACE_OUTER_BOUND ( 'NONE', #2325, .T. ) ;
#548 = MECHANICAL_DESIGN_GEOMETRIC_PRESENTATION_REPRESENTATION (  '', ( #666 ), #357 ) ;
#549 = CARTESIAN_POINT ( 'NONE',  ( 1.932500000000000551, -11.69999999999999751, 0.000000000000000000 ) ) ;
#550 = VERTEX_POINT ( 'NONE', #2101 ) ;
#551 = EDGE_LOOP ( 'NONE', ( #312, #1657, #850, #1902 ) ) ;
#552 = VERTEX_POINT ( 'NONE', #2234 ) ;
#553 = EDGE_LOOP ( 'NONE', ( #2196, #2171, #1741, #69 ) ) ;
#554 = CARTESIAN_POINT ( 'NONE',  ( -5.647499999999998188, 2.550000000000002043, 1.084999999999999964 ) ) ;
#555 = DIRECTION ( 'NONE',  ( -0.000000000000000000, -0.000000000000000000, 1.000000000000000000 ) ) ;
#556 = PLANE ( 'NONE',  #1007 ) ;
#557 = EDGE_CURVE ( 'NONE', #969, #1134, #233, .T. ) ;
#558 = CIRCLE ( 'NONE', #1607, 0.4000000000000001887 ) ;
#559 = CARTESIAN_POINT ( 'NONE',  ( -5.947499999999998010, 2.250000000000001776, 1.084999999999999964 ) ) ;
#560 = CARTESIAN_POINT ( 'NONE',  ( 0.000000000000000000, 0.000000000000000000, 1.084999999999999964 ) ) ;
#561 = ORIENTED_EDGE ( 'NONE', *, *, #14, .T. ) ;
#562 = VECTOR ( 'NONE', #285, 1000.000000000000000 ) ;
#563 = PLANE ( 'NONE',  #1019 ) ;
#564 = ORIENTED_EDGE ( 'NONE', *, *, #832, .F. ) ;
#565 = MANIFOLD_SOLID_BREP ( 'Boss-Extrude8[2]', #1403 ) ;
#566 = ORIENTED_EDGE ( 'NONE', *, *, #2212, .T. ) ;
#567 = DIRECTION ( 'NONE',  ( -0.000000000000000000, -1.000000000000000000, -0.000000000000000000 ) ) ;
#568 = DIRECTION ( 'NONE',  ( -0.000000000000000000, -0.000000000000000000, 1.000000000000000000 ) ) ;
#569 = CARTESIAN_POINT ( 'NONE',  ( -5.850000000000001421, 12.69999999999999929, -2.614999999999999769 ) ) ;
#570 = CARTESIAN_POINT ( 'NONE',  ( 4.564999999999999503, 0.7000000000000011768, 0.7850000000000001421 ) ) ;
#571 = ORIENTED_EDGE ( 'NONE', *, *, #1542, .T. ) ;
#572 = MANIFOLD_SOLID_BREP ( 'Boss-Extrude6[3]', #350 ) ;
#573 =( NAMED_UNIT ( * ) SI_UNIT ( $, .STERADIAN. ) SOLID_ANGLE_UNIT ( ) );
#574 = EDGE_CURVE ( 'NONE', #2355, #214, #1510, .T. ) ;
#575 = ORIENTED_EDGE ( 'NONE', *, *, #928, .F. ) ;
#576 = AXIS2_PLACEMENT_3D ( 'NONE', #2218, #1283, #360 ) ;
#577 = MANIFOLD_SOLID_BREP ( 'Boss-Extrude8[1]', #1821 ) ;
#578 = ORIENTED_EDGE ( 'NONE', *, *, #2302, .T. ) ;
#579 = EDGE_LOOP ( 'NONE', ( #1596, #81, #1834, #71 ) ) ;
#580 = DIRECTION ( 'NONE',  ( 0.000000000000000000, 0.000000000000000000, -1.000000000000000000 ) ) ;
#581 = VECTOR ( 'NONE', #1733, 1000.000000000000000 ) ;
#582 = FACE_OUTER_BOUND ( 'NONE', #503, .T. ) ;
#583 = CARTESIAN_POINT ( 'NONE',  ( -5.647499999999999076, 3.000000000000002665, 1.185000000000000053 ) ) ;
#584 = VECTOR ( 'NONE', #1085, 1000.000000000000000 ) ;
#585 = AXIS2_PLACEMENT_3D ( 'NONE', #828, #1569, #2255 ) ;
#586 = CARTESIAN_POINT ( 'NONE',  ( -5.197499999999998010, 2.250000000000002665, 1.084999999999999964 ) ) ;
#587 = CARTESIAN_POINT ( 'NONE',  ( -7.350000000000002309, 11.19999999999999929, 1.185000000000000053 ) ) ;
#588 = CARTESIAN_POINT ( 'NONE',  ( -5.797500000000000320, 1.000000000000001110, 0.000000000000000000 ) ) ;
#589 = VECTOR ( 'NONE', #2271, 1000.000000000000000 ) ;
#590 = SURFACE_STYLE_USAGE ( .BOTH. , #967 ) ;
#591 = DIRECTION ( 'NONE',  ( 0.000000000000000000, -1.000000000000000000, 0.000000000000000000 ) ) ;
#592 = ORIENTED_EDGE ( 'NONE', *, *, #2322, .T. ) ;
#593 = EDGE_CURVE ( 'NONE', #849, #1736, #12, .T. ) ;
#594 = ADVANCED_FACE ( 'NONE', ( #856 ), #261, .T. ) ;
#595 = ORIENTED_EDGE ( 'NONE', *, *, #1715, .F. ) ;
#596 = ORIENTED_EDGE ( 'NONE', *, *, #1874, .F. ) ;
#597 = LINE ( 'NONE', #2070, #897 ) ;
#598 = DIRECTION ( 'NONE',  ( -0.000000000000000000, -0.000000000000000000, 1.000000000000000000 ) ) ;
#599 = MANIFOLD_SOLID_BREP ( 'Boss-Extrude7', #424 ) ;
#600 = CARTESIAN_POINT ( 'NONE',  ( 4.564999999999999503, 0.7000000000000011768, 0.7850000000000001421 ) ) ;
#601 = LINE ( 'NONE', #388, #1852 ) ;
#602 = LINE ( 'NONE', #751, #1454 ) ;
#603 = ORIENTED_EDGE ( 'NONE', *, *, #1937, .T. ) ;
#604 = AXIS2_PLACEMENT_3D ( 'NONE', #524, #335, #1605 ) ;
#605 = EDGE_CURVE ( 'NONE', #501, #1094, #1232, .T. ) ;
#606 = ORIENTED_EDGE ( 'NONE', *, *, #1277, .T. ) ;
#607 = CARTESIAN_POINT ( 'NONE',  ( -5.197499999999998010, 2.250000000000002665, 1.084999999999999964 ) ) ;
#608 = AXIS2_PLACEMENT_3D ( 'NONE', #845, #1397, #2096 ) ;
#609 = ORIENTED_EDGE ( 'NONE', *, *, #957, .T. ) ;
#610 = EDGE_CURVE ( 'NONE', #2270, #1666, #2291, .T. ) ;
#611 = FACE_OUTER_BOUND ( 'NONE', #27, .T. ) ;
#612 = DIRECTION ( 'NONE',  ( 0.000000000000000000, 1.000000000000000000, 0.000000000000000000 ) ) ;
#613 = PLANE ( 'NONE',  #1531 ) ;
#614 = DIRECTION ( 'NONE',  ( -1.180083997263133724E-16, 1.000000000000000000, -0.000000000000000000 ) ) ;
#615 = DIRECTION ( 'NONE',  ( 0.000000000000000000, 1.000000000000000000, -0.000000000000000000 ) ) ;
#616 = DIRECTION ( 'NONE',  ( -0.000000000000000000, 0.000000000000000000, 1.000000000000000000 ) ) ;
#617 = ORIENTED_EDGE ( 'NONE', *, *, #2214, .F. ) ;
#618 = ORIENTED_EDGE ( 'NONE', *, *, #1350, .F. ) ;
#619 = LINE ( 'NONE', #632, #86 ) ;
#620 = FACE_OUTER_BOUND ( 'NONE', #1646, .T. ) ;
#621 = DIRECTION ( 'NONE',  ( 0.000000000000000000, 0.000000000000000000, 1.000000000000000000 ) ) ;
#622 = EDGE_CURVE ( 'NONE', #738, #505, #2119, .T. ) ;
#623 = LINE ( 'NONE', #456, #1652 ) ;
#624 = CIRCLE ( 'NONE', #1826, 0.4000000000000001887 ) ;
#625 = CARTESIAN_POINT ( 'NONE',  ( -6.397499999999999076, 2.550000000000002931, 1.185000000000000053 ) ) ;
#626 = VECTOR ( 'NONE', #1030, 1000.000000000000000 ) ;
#627 = ORIENTED_EDGE ( 'NONE', *, *, #2164, .T. ) ;
#628 = VECTOR ( 'NONE', #40, 1000.000000000000000 ) ;
#629 = AXIS2_PLACEMENT_3D ( 'NONE', #1040, #329, #474 ) ;
#630 = STYLED_ITEM ( 'NONE', ( #1184 ), #599 ) ;
#631 = ORIENTED_EDGE ( 'NONE', *, *, #1638, .F. ) ;
#632 = CARTESIAN_POINT ( 'NONE',  ( -5.947499999999998010, 1.800000000000003153, 1.084999999999999964 ) ) ;
#633 = EDGE_CURVE ( 'NONE', #1217, #372, #639, .T. ) ;
#634 = CARTESIAN_POINT ( 'NONE',  ( 3.564999999999999947, 1.000000000000002220, 1.185000000000000053 ) ) ;
#635 = DIRECTION ( 'NONE',  ( 0.000000000000000000, -1.000000000000000000, 0.000000000000000000 ) ) ;
#636 = LINE ( 'NONE', #2116, #2 ) ;
#637 = EDGE_CURVE ( 'NONE', #812, #6, #2167, .T. ) ;
#638 =( NAMED_UNIT ( * ) PLANE_ANGLE_UNIT ( ) SI_UNIT ( $, .RADIAN. ) );
#639 = LINE ( 'NONE', #2319, #509 ) ;
#640 = ORIENTED_EDGE ( 'NONE', *, *, #1536, .F. ) ;
#641 = VECTOR ( 'NONE', #2208, 1000.000000000000000 ) ;
#642 = ORIENTED_EDGE ( 'NONE', *, *, #757, .T. ) ;
#643 = CARTESIAN_POINT ( 'NONE',  ( 7.350000000000001421, 1.000000000000002665, -2.614999999999999769 ) ) ;
#644 = AXIS2_PLACEMENT_3D ( 'NONE', #774, #1864, #1102 ) ;
#645 = CARTESIAN_POINT ( 'NONE',  ( -5.647499999999998188, 1.800000000000003153, 1.185000000000000053 ) ) ;
#646 = LINE ( 'NONE', #1784, #1591 ) ;
#647 = FACE_OUTER_BOUND ( 'NONE', #1659, .T. ) ;
#648 = VECTOR ( 'NONE', #1949, 1000.000000000000000 ) ;
#649 = LINE ( 'NONE', #2316, #2187 ) ;
#650 = CARTESIAN_POINT ( 'NONE',  ( -6.397499999999999076, 2.250000000000002665, 1.084999999999999964 ) ) ;
#651 = LINE ( 'NONE', #670, #2293 ) ;
#652 = VERTEX_POINT ( 'NONE', #1751 ) ;
#653 = EDGE_CURVE ( 'NONE', #791, #1466, #1386, .T. ) ;
#654 = ADVANCED_FACE ( 'NONE', ( #1594 ), #2109, .T. ) ;
#655 = ORIENTED_EDGE ( 'NONE', *, *, #499, .T. ) ;
#656 = DIRECTION ( 'NONE',  ( 0.000000000000000000, 0.000000000000000000, 1.000000000000000000 ) ) ;
#657 = CARTESIAN_POINT ( 'NONE',  ( -5.647499999999998188, 2.250000000000001776, 1.185000000000000053 ) ) ;
#658 = DIRECTION ( 'NONE',  ( 1.000000000000000000, 0.000000000000000000, 0.000000000000000000 ) ) ;
#659 = DIRECTION ( 'NONE',  ( -0.000000000000000000, -1.000000000000000000, -0.000000000000000000 ) ) ;
#660 =( LENGTH_UNIT ( ) NAMED_UNIT ( * ) SI_UNIT ( .MILLI., .METRE. ) );
#661 = DIRECTION ( 'NONE',  ( 1.000000000000000000, 1.180083997263133724E-16, 0.000000000000000000 ) ) ;
#662 = ORIENTED_EDGE ( 'NONE', *, *, #508, .T. ) ;
#663 = AXIS2_PLACEMENT_3D ( 'NONE', #268, #1517, #993 ) ;
#664 = ORIENTED_EDGE ( 'NONE', *, *, #47, .F. ) ;
#665 = ADVANCED_FACE ( 'NONE', ( #476 ), #272, .T. ) ;
#666 = STYLED_ITEM ( 'NONE', ( #776 ), #565 ) ;
#667 = EDGE_LOOP ( 'NONE', ( #202, #1058 ) ) ;
#668 = CARTESIAN_POINT ( 'NONE',  ( 5.197500000000000675, 2.250000000000002220, 1.185000000000000053 ) ) ;
#669 = LINE ( 'NONE', #1064, #217 ) ;
#670 = CARTESIAN_POINT ( 'NONE',  ( 6.397500000000000853, 2.250000000000002220, 1.185000000000000053 ) ) ;
#671 = CARTESIAN_POINT ( 'NONE',  ( -5.947499999999998010, 2.550000000000002043, 1.084999999999999964 ) ) ;
#672 = ORIENTED_EDGE ( 'NONE', *, *, #633, .F. ) ;
#673 = ORIENTED_EDGE ( 'NONE', *, *, #2214, .T. ) ;
#674 = EDGE_CURVE ( 'NONE', #715, #2207, #1575, .T. ) ;
#675 = ORIENTED_EDGE ( 'NONE', *, *, #1809, .F. ) ;
#676 = LINE ( 'NONE', #1444, #746 ) ;
#677 = VECTOR ( 'NONE', #406, 1000.000000000000000 ) ;
#678 = EDGE_CURVE ( 'NONE', #372, #311, #651, .T. ) ;
#679 = EDGE_CURVE ( 'NONE', #1545, #254, #1212, .T. ) ;
#680 = FACE_OUTER_BOUND ( 'NONE', #1032, .T. ) ;
#681 = CARTESIAN_POINT ( 'NONE',  ( -6.397499999999999076, 2.250000000000002665, 1.084999999999999964 ) ) ;
#682 = UNCERTAINTY_MEASURE_WITH_UNIT (LENGTH_MEASURE( 1.000000000000000082E-05 ), #1738, 'distance_accuracy_value', 'NONE');
#683 = FACE_OUTER_BOUND ( 'NONE', #2369, .T. ) ;
#684 = LINE ( 'NONE', #697, #522 ) ;
#685 = EDGE_CURVE ( 'NONE', #849, #251, #68, .T. ) ;
#686 = ORIENTED_EDGE ( 'NONE', *, *, #1029, .T. ) ;
#687 = ORIENTED_EDGE ( 'NONE', *, *, #832, .T. ) ;
#688 = EDGE_CURVE ( 'NONE', #1782, #1136, #517, .T. ) ;
#689 = ORIENTED_EDGE ( 'NONE', *, *, #909, .F. ) ;
#690 = DIRECTION ( 'NONE',  ( 0.000000000000000000, 0.000000000000000000, -1.000000000000000000 ) ) ;
#691 = DIRECTION ( 'NONE',  ( 0.000000000000000000, 0.000000000000000000, 1.000000000000000000 ) ) ;
#692 = DIRECTION ( 'NONE',  ( -0.000000000000000000, -0.000000000000000000, 1.000000000000000000 ) ) ;
#693 = DIRECTION ( 'NONE',  ( 0.000000000000000000, 0.000000000000000000, -1.000000000000000000 ) ) ;
#694 = ADVANCED_FACE ( 'NONE', ( #2350 ), #307, .T. ) ;
#695 = LINE ( 'NONE', #1068, #1878 ) ;
#696 = TOROIDAL_SURFACE ( 'NONE', #970, 0.2999999999999998779, 0.4000000000000000222 ) ;
#697 = CARTESIAN_POINT ( 'NONE',  ( 7.350000000000001421, 1.000000000000002665, 1.185000000000000053 ) ) ;
#698 = VERTEX_POINT ( 'NONE', #2340 ) ;
#699 = PLANE ( 'NONE',  #1225 ) ;
#700 = EDGE_LOOP ( 'NONE', ( #451, #1587, #1150, #184 ) ) ;
#701 = VECTOR ( 'NONE', #1110, 1000.000000000000000 ) ;
#702 = CIRCLE ( 'NONE', #2125, 0.4000000000000001887 ) ;
#703 = ORIENTED_EDGE ( 'NONE', *, *, #132, .T. ) ;
#704 = COLOUR_RGB ( '',0.2509803921568627416, 0.2509803921568627416, 0.2509803921568627416 ) ;
#705 = CARTESIAN_POINT ( 'NONE',  ( 6.397500000000000853, 2.250000000000002220, 1.185000000000000053 ) ) ;
#706 = VECTOR ( 'NONE', #1684, 1000.000000000000000 ) ;
#707 = PLANE ( 'NONE',  #1268 ) ;
#708 = CARTESIAN_POINT ( 'NONE',  ( -5.947499999999998010, 1.800000000000003153, 1.084999999999999964 ) ) ;
#709 = EDGE_CURVE ( 'NONE', #481, #1303, #734, .T. ) ;
#710 = DIRECTION ( 'NONE',  ( -1.180083997263133724E-16, 1.000000000000000000, -0.000000000000000000 ) ) ;
#711 = ORIENTED_EDGE ( 'NONE', *, *, #1183, .F. ) ;
#712 = APPLICATION_CONTEXT ( 'automotive_design' ) ;
#713 = DIRECTION ( 'NONE',  ( 1.000000000000000000, 0.000000000000000000, 0.000000000000000000 ) ) ;
#714 = ORIENTED_EDGE ( 'NONE', *, *, #2335, .F. ) ;
#715 = VERTEX_POINT ( 'NONE', #878 ) ;
#716 = DIRECTION ( 'NONE',  ( -1.180083997263133971E-16, 1.000000000000000000, -0.000000000000000000 ) ) ;
#717 = FACE_OUTER_BOUND ( 'NONE', #1609, .T. ) ;
#718 = CIRCLE ( 'NONE', #1919, 0.4049999999999997491 ) ;
#719 = PLANE ( 'NONE',  #1744 ) ;
#720 = VECTOR ( 'NONE', #2206, 1000.000000000000000 ) ;
#721 = FACE_OUTER_BOUND ( 'NONE', #2135, .T. ) ;
#722 = CIRCLE ( 'NONE', #411, 0.4000000000000001887 ) ;
#723 = CARTESIAN_POINT ( 'NONE',  ( -5.947499999999998010, 2.250000000000001776, 1.084999999999999964 ) ) ;
#724 = ORIENTED_EDGE ( 'NONE', *, *, #1823, .T. ) ;
#725 = VECTOR ( 'NONE', #1528, 1000.000000000000000 ) ;
#726 = PLANE ( 'NONE',  #1527 ) ;
#727 = ORIENTED_EDGE ( 'NONE', *, *, #427, .F. ) ;
#728 = VERTEX_POINT ( 'NONE', #1653 ) ;
#729 = ORIENTED_EDGE ( 'NONE', *, *, #2010, .F. ) ;
#730 = CARTESIAN_POINT ( 'NONE',  ( 0.000000000000000000, 0.000000000000000000, 1.084999999999999964 ) ) ;
#731 = VECTOR ( 'NONE', #386, 1000.000000000000000 ) ;
#732 = PLANE ( 'NONE',  #111 ) ;
#733 = DIRECTION ( 'NONE',  ( 1.180083997263133971E-16, -1.000000000000000000, 0.000000000000000000 ) ) ;
#734 = LINE ( 'NONE', #1425, #758 ) ;
#735 = PLANE ( 'NONE',  #137 ) ;
#736 = FACE_OUTER_BOUND ( 'NONE', #525, .T. ) ;
#737 = CARTESIAN_POINT ( 'NONE',  ( -5.947499999999998010, 1.800000000000003153, 1.084999999999999964 ) ) ;
#738 = VERTEX_POINT ( 'NONE', #333 ) ;
#739 = ORIENTED_EDGE ( 'NONE', *, *, #445, .F. ) ;
#740 = ADVANCED_FACE ( 'NONE', ( #1079 ), #902, .T. ) ;
#741 = ORIENTED_EDGE ( 'NONE', *, *, #1535, .T. ) ;
#742 = LINE ( 'NONE', #1137, #1366 ) ;
#743 =( GEOMETRIC_REPRESENTATION_CONTEXT ( 3 ) GLOBAL_UNCERTAINTY_ASSIGNED_CONTEXT ( ( #1111 ) ) GLOBAL_UNIT_ASSIGNED_CONTEXT ( ( #2315, #1771, #1025 ) ) REPRESENTATION_CONTEXT ( 'NONE', 'WORKASPACE' ) );
#744 = STYLED_ITEM ( 'NONE', ( #2361 ), #2204 ) ;
#745 = DIRECTION ( 'NONE',  ( -0.000000000000000000, -1.000000000000000000, -0.000000000000000000 ) ) ;
#746 = VECTOR ( 'NONE', #1998, 1000.000000000000000 ) ;
#747 = AXIS2_PLACEMENT_3D ( 'NONE', #1640, #2371, #2157 ) ;
#748 = CARTESIAN_POINT ( 'NONE',  ( -5.647499999999998188, 2.550000000000002043, 1.084999999999999964 ) ) ;
#749 = AXIS2_PLACEMENT_3D ( 'NONE', #1543, #1963, #1931 ) ;
#750 = CARTESIAN_POINT ( 'NONE',  ( 5.797500000000000320, -11.69999999999999751, 0.000000000000000000 ) ) ;
#751 = CARTESIAN_POINT ( 'NONE',  ( 3.165000000000000480, 0.6999999999999991784, -2.614999999999999325 ) ) ;
#752 = ORIENTED_EDGE ( 'NONE', *, *, #1599, .F. ) ;
#753 = ORIENTED_EDGE ( 'NONE', *, *, #2212, .F. ) ;
#754 = ORIENTED_EDGE ( 'NONE', *, *, #471, .F. ) ;
#755 = ORIENTED_EDGE ( 'NONE', *, *, #1896, .T. ) ;
#756 = LINE ( 'NONE', #1490, #1830 ) ;
#757 = EDGE_CURVE ( 'NONE', #1794, #298, #1827, .T. ) ;
#758 = VECTOR ( 'NONE', #1042, 1000.000000000000000 ) ;
#759 = CARTESIAN_POINT ( 'NONE',  ( 4.164999999999999147, 1.000000000000002220, -2.214999999999999414 ) ) ;
#760 = DIRECTION ( 'NONE',  ( -1.000000000000000000, 0.000000000000000000, -0.000000000000000000 ) ) ;
#761 = ADVANCED_FACE ( 'NONE', ( #721 ), #1459, .F. ) ;
#762 = AXIS2_PLACEMENT_3D ( 'NONE', #1071, #2006, #1817 ) ;
#763 = DIRECTION ( 'NONE',  ( 0.000000000000000000, 0.000000000000000000, 1.000000000000000000 ) ) ;
#764 = ORIENTED_EDGE ( 'NONE', *, *, #324, .T. ) ;
#765 = ORIENTED_EDGE ( 'NONE', *, *, #989, .T. ) ;
#766 = AXIS2_PLACEMENT_3D ( 'NONE', #2107, #1942, #1757 ) ;
#767 = ORIENTED_EDGE ( 'NONE', *, *, #978, .T. ) ;
#768 = ORIENTED_EDGE ( 'NONE', *, *, #497, .T. ) ;
#769 = CARTESIAN_POINT ( 'NONE',  ( 0.000000000000000000, 0.000000000000000000, -2.614999999999999769 ) ) ;
#770 = EDGE_CURVE ( 'NONE', #311, #550, #695, .T. ) ;
#771 = DIRECTION ( 'NONE',  ( 1.180083997263133724E-16, -1.000000000000000000, 0.000000000000000000 ) ) ;
#772 = PLANE ( 'NONE',  #2265 ) ;
#773 = ADVANCED_FACE ( 'NONE', ( #1434 ), #1296, .F. ) ;
#774 = CARTESIAN_POINT ( 'NONE',  ( 3.864999999999999769, 0.6999999999999991784, -2.614999999999999769 ) ) ;
#775 = ORIENTED_EDGE ( 'NONE', *, *, #928, .T. ) ;
#776 = PRESENTATION_STYLE_ASSIGNMENT (( #11 ) ) ;
#777 = PLANE ( 'NONE',  #253 ) ;
#778 = ORIENTED_EDGE ( 'NONE', *, *, #445, .T. ) ;
#779 = VECTOR ( 'NONE', #2388, 1000.000000000000000 ) ;
#780 = ORIENTED_EDGE ( 'NONE', *, *, #2063, .F. ) ;
#781 = LINE ( 'NONE', #2226, #1669 ) ;
#782 = CIRCLE ( 'NONE', #229, 0.6999999999999996225 ) ;
#783 = CARTESIAN_POINT ( 'NONE',  ( -6.397499999999999076, 2.250000000000002665, 1.084999999999999964 ) ) ;
#784 = CARTESIAN_POINT ( 'NONE',  ( -5.647499999999998188, 1.800000000000003153, 1.084999999999999964 ) ) ;
#785 = PRODUCT_DEFINITION_FORMATION_WITH_SPECIFIED_SOURCE ( 'ANY', '', #216, .NOT_KNOWN. ) ;
#786 = DIRECTION ( 'NONE',  ( 1.000000000000000000, 1.180083997263133724E-16, 0.000000000000000000 ) ) ;
#787 = CARTESIAN_POINT ( 'NONE',  ( -6.397499999999999076, 2.250000000000002665, 1.084999999999999964 ) ) ;
#788 = VECTOR ( 'NONE', #1485, 1000.000000000000000 ) ;
#789 = ADVANCED_FACE ( 'NONE', ( #1976 ), #1269, .T. ) ;
#790 =( NAMED_UNIT ( * ) PLANE_ANGLE_UNIT ( ) SI_UNIT ( $, .RADIAN. ) );
#791 = VERTEX_POINT ( 'NONE', #2003 ) ;
#792 = ORIENTED_EDGE ( 'NONE', *, *, #1113, .F. ) ;
#793 = CARTESIAN_POINT ( 'NONE',  ( -5.947499999999998010, 1.800000000000003153, 1.185000000000000053 ) ) ;
#794 = DIRECTION ( 'NONE',  ( 0.000000000000000000, 0.000000000000000000, -1.000000000000000000 ) ) ;
#795 = CARTESIAN_POINT ( 'NONE',  ( -5.197499999999998010, 2.250000000000002665, 1.185000000000000053 ) ) ;
#796 = SURFACE_STYLE_USAGE ( .BOTH. , #457 ) ;
#797 = SURFACE_STYLE_USAGE ( .BOTH. , #245 ) ;
#798 = EDGE_LOOP ( 'NONE', ( #971, #1072, #1429, #96 ) ) ;
#799 = VECTOR ( 'NONE', #710, 1000.000000000000000 ) ;
#800 = ORIENTED_EDGE ( 'NONE', *, *, #1521, .T. ) ;
#801 = LINE ( 'NONE', #1534, #589 ) ;
#802 = EDGE_CURVE ( 'NONE', #1540, #149, #2163, .T. ) ;
#803 = VECTOR ( 'NONE', #1496, 1000.000000000000000 ) ;
#804 = FACE_OUTER_BOUND ( 'NONE', #189, .T. ) ;
#805 = DIRECTION ( 'NONE',  ( -0.000000000000000000, -1.000000000000000000, -0.000000000000000000 ) ) ;
#806 = CARTESIAN_POINT ( 'NONE',  ( 4.164999999999999147, 1.000000000000002220, 1.185000000000000053 ) ) ;
#807 = DIRECTION ( 'NONE',  ( -1.180083997263133724E-16, 1.000000000000000000, -0.000000000000000000 ) ) ;
#808 = CARTESIAN_POINT ( 'NONE',  ( -4.564999999999999503, 1.000000000000000666, 0.7850000000000001421 ) ) ;
#809 = ADVANCED_FACE ( 'NONE', ( #683 ), #1800, .F. ) ;
#810 = LINE ( 'NONE', #2098, #1649 ) ;
#811 = VERTEX_POINT ( 'NONE', #498 ) ;
#812 = VERTEX_POINT ( 'NONE', #2014 ) ;
#813 = DIRECTION ( 'NONE',  ( 0.000000000000000000, -0.000000000000000000, -1.000000000000000000 ) ) ;
#814 = EDGE_CURVE ( 'NONE', #1484, #1514, #1242, .T. ) ;
#815 = ORIENTED_EDGE ( 'NONE', *, *, #477, .T. ) ;
#816 = CARTESIAN_POINT ( 'NONE',  ( -5.947499999999998010, 1.800000000000003153, 1.185000000000000053 ) ) ;
#817 = DIRECTION ( 'NONE',  ( -1.000000000000000000, 0.000000000000000000, 0.000000000000000000 ) ) ;
#818 = CARTESIAN_POINT ( 'NONE',  ( -5.647499999999998188, 2.250000000000001776, 1.084999999999999964 ) ) ;
#819 = FACE_OUTER_BOUND ( 'NONE', #323, .T. ) ;
#820 = LINE ( 'NONE', #1583, #2056 ) ;
#821 = STYLED_ITEM ( 'NONE', ( #1541 ), #2161 ) ;
#822 = ORIENTED_EDGE ( 'NONE', *, *, #1910, .F. ) ;
#823 = VECTOR ( 'NONE', #1584, 1000.000000000000000 ) ;
#824 = ORIENTED_EDGE ( 'NONE', *, *, #1059, .T. ) ;
#825 = CARTESIAN_POINT ( 'NONE',  ( 6.397500000000000853, 2.550000000000002931, 1.084999999999999964 ) ) ;
#826 = DIRECTION ( 'NONE',  ( -1.000000000000000000, 0.000000000000000000, 0.000000000000000000 ) ) ;
#827 = CARTESIAN_POINT ( 'NONE',  ( -1.527499999999999858, -11.69999999999999929, 4.959819536546786147E-17 ) ) ;
#828 = CARTESIAN_POINT ( 'NONE',  ( 1.932500000000000551, -11.69999999999999751, 0.000000000000000000 ) ) ;
#829 = DIRECTION ( 'NONE',  ( 1.000000000000000000, 0.000000000000000000, 0.000000000000000000 ) ) ;
#830 = CARTESIAN_POINT ( 'NONE',  ( -7.350000000000001421, 1.000000000000000888, -2.614999999999999769 ) ) ;
#831 = EDGE_CURVE ( 'NONE', #39, #849, #2175, .T. ) ;
#832 = EDGE_CURVE ( 'NONE', #61, #311, #2176, .T. ) ;
#833 = VECTOR ( 'NONE', #319, 1000.000000000000000 ) ;
#834 = DIRECTION ( 'NONE',  ( 0.000000000000000000, -0.000000000000000000, -1.000000000000000000 ) ) ;
#835 = ORIENTED_EDGE ( 'NONE', *, *, #2063, .T. ) ;
#836 = CIRCLE ( 'NONE', #1804, 0.4049999999999995270 ) ;
#837 = ORIENTED_EDGE ( 'NONE', *, *, #1118, .F. ) ;
#838 = CARTESIAN_POINT ( 'NONE',  ( 7.349999999999998757, 12.70000000000000107, -2.614999999999999769 ) ) ;
#839 = AXIS2_PLACEMENT_3D ( 'NONE', #1297, #171, #1519 ) ;
#840 = CARTESIAN_POINT ( 'NONE',  ( 5.197500000000000675, 2.250000000000002220, 1.084999999999999964 ) ) ;
#841 = DIRECTION ( 'NONE',  ( -1.000000000000000000, 0.000000000000000000, 0.000000000000000000 ) ) ;
#842 = APPLICATION_PROTOCOL_DEFINITION ( 'draft international standard', 'automotive_design', 1998, #2394 ) ;
#843 = VECTOR ( 'NONE', #1340, 1000.000000000000000 ) ;
#844 = CIRCLE ( 'NONE', #455, 0.4050000000000034683 ) ;
#845 = CARTESIAN_POINT ( 'NONE',  ( 7.349999999999998757, 12.70000000000000107, -2.614999999999999769 ) ) ;
#846 = DIRECTION ( 'NONE',  ( -0.000000000000000000, -1.000000000000000000, -0.000000000000000000 ) ) ;
#847 = SURFACE_STYLE_FILL_AREA ( #80 ) ;
#848 = EDGE_CURVE ( 'NONE', #505, #1855, #2216, .T. ) ;
#849 = VERTEX_POINT ( 'NONE', #418 ) ;
#850 = ORIENTED_EDGE ( 'NONE', *, *, #249, .T. ) ;
#851 = ORIENTED_EDGE ( 'NONE', *, *, #1658, .F. ) ;
#852 = DIRECTION ( 'NONE',  ( -0.000000000000000000, 0.000000000000000000, 1.000000000000000000 ) ) ;
#853 = PRESENTATION_STYLE_ASSIGNMENT (( #1999 ) ) ;
#854 = DIRECTION ( 'NONE',  ( -1.000000000000000000, 0.000000000000000000, 0.000000000000000000 ) ) ;
#855 = DIRECTION ( 'NONE',  ( 0.000000000000000000, 0.000000000000000000, 1.000000000000000000 ) ) ;
#856 = FACE_OUTER_BOUND ( 'NONE', #1530, .T. ) ;
#857 = DIRECTION ( 'NONE',  ( 0.000000000000000000, 0.000000000000000000, 1.000000000000000000 ) ) ;
#858 = VERTEX_POINT ( 'NONE', #559 ) ;
#859 = VECTOR ( 'NONE', #1554, 1000.000000000000000 ) ;
#860 = ADVANCED_FACE ( 'NONE', ( #182 ), #613, .T. ) ;
#861 = ORIENTED_EDGE ( 'NONE', *, *, #1823, .F. ) ;
#862 = EDGE_CURVE ( 'NONE', #1094, #163, #601, .T. ) ;
#863 = VERTEX_POINT ( 'NONE', #1677 ) ;
#864 = CARTESIAN_POINT ( 'NONE',  ( -3.864999999999999769, 0.7000000000000000666, -2.614999999999999325 ) ) ;
#865 = SURFACE_SIDE_STYLE ('',( #2002 ) ) ;
#866 = DIRECTION ( 'NONE',  ( 1.000000000000000000, 0.000000000000000000, 0.000000000000000000 ) ) ;
#867 = ADVANCED_FACE ( 'NONE', ( #4 ), #772, .T. ) ;
#868 = PLANE ( 'NONE',  #520 ) ;
#869 = EDGE_LOOP ( 'NONE', ( #1933, #1489, #2043, #775 ) ) ;
#870 = ORIENTED_EDGE ( 'NONE', *, *, #1464, .F. ) ;
#871 = AXIS2_PLACEMENT_3D ( 'NONE', #2094, #1194, #1001 ) ;
#872 = EDGE_LOOP ( 'NONE', ( #800, #188, #714, #1815 ) ) ;
#873 = EDGE_CURVE ( 'NONE', #1982, #552, #2382, .T. ) ;
#874 = DIRECTION ( 'NONE',  ( -1.927470528863119739E-15, 1.000000000000000000, 0.000000000000000000 ) ) ;
#875 = SURFACE_STYLE_FILL_AREA ( #2337 ) ;
#876 = VECTOR ( 'NONE', #846, 1000.000000000000000 ) ;
#877 =( NAMED_UNIT ( * ) SI_UNIT ( $, .STERADIAN. ) SOLID_ANGLE_UNIT ( ) );
#878 = CARTESIAN_POINT ( 'NONE',  ( 3.165000000000000480, 0.6999999999999991784, 0.7850000000000001421 ) ) ;
#879 = CARTESIAN_POINT ( 'NONE',  ( 6.397500000000000853, 2.550000000000002931, 1.084999999999999964 ) ) ;
#880 = ORIENTED_EDGE ( 'NONE', *, *, #1702, .F. ) ;
#881 = EDGE_CURVE ( 'NONE', #2030, #550, #1128, .T. ) ;
#882 = LINE ( 'NONE', #1440, #173 ) ;
#883 = ORIENTED_EDGE ( 'NONE', *, *, #2247, .T. ) ;
#884 = ORIENTED_EDGE ( 'NONE', *, *, #862, .T. ) ;
#885 = ORIENTED_EDGE ( 'NONE', *, *, #637, .F. ) ;
#886 = DIRECTION ( 'NONE',  ( -1.000000000000000000, 0.000000000000000000, 0.000000000000000000 ) ) ;
#887 = EDGE_CURVE ( 'NONE', #1934, #698, #938, .T. ) ;
#888 = CARTESIAN_POINT ( 'NONE',  ( -5.197499999999998010, 2.250000000000002665, 1.084999999999999964 ) ) ;
#889 = FILL_AREA_STYLE ('',( #318 ) ) ;
#890 = CARTESIAN_POINT ( 'NONE',  ( -5.947499999999998010, 3.000000000000002665, 1.084999999999999964 ) ) ;
#891 = LINE ( 'NONE', #2177, #1991 ) ;
#892 = VERTEX_POINT ( 'NONE', #2230 ) ;
#893 = CIRCLE ( 'NONE', #2243, 0.6999999999999996225 ) ;
#894 = PLANE ( 'NONE',  #1723 ) ;
#895 = ORIENTED_EDGE ( 'NONE', *, *, #416, .T. ) ;
#896 = VECTOR ( 'NONE', #2104, 1000.000000000000000 ) ;
#897 = VECTOR ( 'NONE', #412, 1000.000000000000000 ) ;
#898 = ORIENTED_EDGE ( 'NONE', *, *, #605, .T. ) ;
#899 = DIRECTION ( 'NONE',  ( -1.000000000000000000, 0.000000000000000000, -0.000000000000000000 ) ) ;
#900 = DIRECTION ( 'NONE',  ( -1.927470528863115795E-15, 1.000000000000000000, 0.000000000000000000 ) ) ;
#901 = LINE ( 'NONE', #30, #1354 ) ;
#902 = PLANE ( 'NONE',  #95 ) ;
#903 = ADVANCED_FACE ( 'NONE', ( #1317 ), #403, .F. ) ;
#904 = DIRECTION ( 'NONE',  ( 1.180083997263133724E-16, -1.000000000000000000, 0.000000000000000000 ) ) ;
#905 = CYLINDRICAL_SURFACE ( 'NONE', #1862, 0.3999999999999999667 ) ;
#906 = LINE ( 'NONE', #2019, #2105 ) ;
#907 = ORIENTED_EDGE ( 'NONE', *, *, #529, .F. ) ;
#908 = DIRECTION ( 'NONE',  ( 1.000000000000000000, 0.000000000000000000, 0.000000000000000000 ) ) ;
#909 = EDGE_CURVE ( 'NONE', #363, #396, #1897, .T. ) ;
#910 = DIRECTION ( 'NONE',  ( -1.000000000000000000, -1.927470528863119739E-15, 0.000000000000000000 ) ) ;
#911 = CARTESIAN_POINT ( 'NONE',  ( 5.197500000000000675, 2.250000000000002220, 1.185000000000000053 ) ) ;
#912 = DIRECTION ( 'NONE',  ( 0.000000000000000000, -0.000000000000000000, -1.000000000000000000 ) ) ;
#913 = PLANE ( 'NONE',  #1187 ) ;
#914 = VERTEX_POINT ( 'NONE', #1143 ) ;
#915 = TOROIDAL_SURFACE ( 'NONE', #1229, 0.2999999999999998779, 0.4000000000000000222 ) ;
#916 = ADVANCED_FACE ( 'NONE', ( #951 ), #228, .F. ) ;
#917 = ADVANCED_FACE ( 'NONE', ( #2242 ), #965, .T. ) ;
#918 = DIRECTION ( 'NONE',  ( 1.000000000000000000, 1.927470528863119739E-15, 0.000000000000000000 ) ) ;
#919 = ORIENTED_EDGE ( 'NONE', *, *, #1776, .T. ) ;
#920 = VERTEX_POINT ( 'NONE', #367 ) ;
#921 = EDGE_LOOP ( 'NONE', ( #997, #1655, #895, #1418, #2281, #213 ) ) ;
#922 = CARTESIAN_POINT ( 'NONE',  ( -5.647499999999998188, 2.550000000000002043, 1.084999999999999964 ) ) ;
#923 = LINE ( 'NONE', #2025, #1247 ) ;
#924 = CARTESIAN_POINT ( 'NONE',  ( 5.197500000000000675, 2.250000000000002220, 1.084999999999999964 ) ) ;
#925 = LINE ( 'NONE', #1875, #1146 ) ;
#926 = ORIENTED_EDGE ( 'NONE', *, *, #1896, .F. ) ;
#927 = ORIENTED_EDGE ( 'NONE', *, *, #1350, .T. ) ;
#928 = EDGE_CURVE ( 'NONE', #390, #1989, #1347, .T. ) ;
#929 = VERTEX_POINT ( 'NONE', #43 ) ;
#930 = EDGE_LOOP ( 'NONE', ( #1585, #996, #927, #397 ) ) ;
#931 = CARTESIAN_POINT ( 'NONE',  ( -6.397499999999999076, 2.250000000000002665, 1.185000000000000053 ) ) ;
#932 = EDGE_CURVE ( 'NONE', #110, #1050, #55, .T. ) ;
#933 = CIRCLE ( 'NONE', #2283, 0.4049999999999999711 ) ;
#934 = DIRECTION ( 'NONE',  ( -0.000000000000000000, 0.000000000000000000, 1.000000000000000000 ) ) ;
#935 = VECTOR ( 'NONE', #1375, 1000.000000000000000 ) ;
#936 = AXIS2_PLACEMENT_3D ( 'NONE', #1028, #1773, #114 ) ;
#937 = AXIS2_PLACEMENT_3D ( 'NONE', #2130, #296, #1201 ) ;
#938 = LINE ( 'NONE', #20, #803 ) ;
#939 = CARTESIAN_POINT ( 'NONE',  ( -3.564999999999999947, 0.7000000000000000666, 1.185000000000000053 ) ) ;
#940 = EDGE_LOOP ( 'NONE', ( #780, #349, #673, #2250 ) ) ;
#941 = FILL_AREA_STYLE ('',( #199 ) ) ;
#942 = EDGE_LOOP ( 'NONE', ( #870, #617 ) ) ;
#943 = ORIENTED_EDGE ( 'NONE', *, *, #2123, .F. ) ;
#944 = ORIENTED_EDGE ( 'NONE', *, *, #414, .F. ) ;
#945 = CARTESIAN_POINT ( 'NONE',  ( -7.350000000000002309, 11.19999999999999929, 1.185000000000000053 ) ) ;
#946 = VECTOR ( 'NONE', #2330, 1000.000000000000000 ) ;
#947 = EDGE_CURVE ( 'NONE', #1174, #652, #1100, .T. ) ;
#948 = DIRECTION ( 'NONE',  ( 1.000000000000000000, 0.000000000000000000, 0.000000000000000000 ) ) ;
#949 = UNCERTAINTY_MEASURE_WITH_UNIT (LENGTH_MEASURE( 1.000000000000000082E-05 ), #1003, 'distance_accuracy_value', 'NONE');
#950 = CIRCLE ( 'NONE', #762, 0.3999999999999999667 ) ;
#951 = FACE_OUTER_BOUND ( 'NONE', #1729, .T. ) ;
#952 = DIRECTION ( 'NONE',  ( -1.000000000000000000, 0.000000000000000000, 0.000000000000000000 ) ) ;
#953 = ORIENTED_EDGE ( 'NONE', *, *, #622, .F. ) ;
#954 = SURFACE_STYLE_FILL_AREA ( #941 ) ;
#955 = CARTESIAN_POINT ( 'NONE',  ( -5.197499999999998010, 2.550000000000002931, 1.084999999999999964 ) ) ;
#956 = ORIENTED_EDGE ( 'NONE', *, *, #831, .T. ) ;
#957 = EDGE_CURVE ( 'NONE', #1189, #1324, #623, .T. ) ;
#958 = VECTOR ( 'NONE', #2000, 1000.000000000000000 ) ;
#959 = ORIENTED_EDGE ( 'NONE', *, *, #633, .T. ) ;
#960 = VERTEX_POINT ( 'NONE', #284 ) ;
#961 = FACE_OUTER_BOUND ( 'NONE', #133, .T. ) ;
#962 = DIRECTION ( 'NONE',  ( 1.180083997263133971E-16, -1.000000000000000000, 0.000000000000000000 ) ) ;
#963 = DIRECTION ( 'NONE',  ( -1.180083997263133971E-16, 1.000000000000000000, -0.000000000000000000 ) ) ;
#964 = ADVANCED_FACE ( 'NONE', ( #1197 ), #78, .T. ) ;
#965 = PLANE ( 'NONE',  #106 ) ;
#966 = CARTESIAN_POINT ( 'NONE',  ( -1.932499999999999218, -11.69999999999999929, 0.000000000000000000 ) ) ;
#967 = SURFACE_SIDE_STYLE ('',( #954 ) ) ;
#968 = DIRECTION ( 'NONE',  ( 0.000000000000000000, 0.000000000000000000, 1.000000000000000000 ) ) ;
#969 = VERTEX_POINT ( 'NONE', #1167 ) ;
#970 = AXIS2_PLACEMENT_3D ( 'NONE', #124, #1770, #256 ) ;
#971 = ORIENTED_EDGE ( 'NONE', *, *, #932, .T. ) ;
#972 = DIRECTION ( 'NONE',  ( -0.000000000000000000, -1.000000000000000000, -0.000000000000000000 ) ) ;
#973 = PLANE ( 'NONE',  #1342 ) ;
#974 = VECTOR ( 'NONE', #621, 1000.000000000000000 ) ;
#975 = CIRCLE ( 'NONE', #2017, 0.6999999999999996225 ) ;
#976 = LINE ( 'NONE', #650, #332 ) ;
#977 = PRESENTATION_LAYER_ASSIGNMENT (  '', '', ( #666 ) ) ;
#978 = EDGE_CURVE ( 'NONE', #149, #1333, #1735, .T. ) ;
#979 = VERTEX_POINT ( 'NONE', #1929 ) ;
#980 = ORIENTED_EDGE ( 'NONE', *, *, #2097, .F. ) ;
#981 = FACE_OUTER_BOUND ( 'NONE', #478, .T. ) ;
#982 = CARTESIAN_POINT ( 'NONE',  ( -5.947499999999998010, 1.800000000000003153, 1.084999999999999964 ) ) ;
#983 = CARTESIAN_POINT ( 'NONE',  ( -5.947499999999998010, 2.550000000000002043, 1.185000000000000053 ) ) ;
#984 = ADVANCED_FACE ( 'NONE', ( #242 ), #915, .T. ) ;
#985 = DIRECTION ( 'NONE',  ( -0.000000000000000000, -1.000000000000000000, -0.000000000000000000 ) ) ;
#986 = CARTESIAN_POINT ( 'NONE',  ( 5.197500000000000675, 2.250000000000002220, 1.084999999999999964 ) ) ;
#987 = ORIENTED_EDGE ( 'NONE', *, *, #881, .T. ) ;
#988 = AXIS2_PLACEMENT_3D ( 'NONE', #1446, #1031, #1802 ) ;
#989 = EDGE_CURVE ( 'NONE', #469, #1767, #844, .T. ) ;
#990 = EDGE_LOOP ( 'NONE', ( #642, #1213, #2178, #37 ) ) ;
#991 = PLANE ( 'NONE',  #279 ) ;
#992 = CARTESIAN_POINT ( 'NONE',  ( -5.797500000000000320, 1.000000000000001110, 0.000000000000000000 ) ) ;
#993 = DIRECTION ( 'NONE',  ( 0.000000000000000000, 0.000000000000000000, 1.000000000000000000 ) ) ;
#994 = CARTESIAN_POINT ( 'NONE',  ( -5.197499999999998010, 2.250000000000002665, 1.084999999999999964 ) ) ;
#995 = SURFACE_SIDE_STYLE ('',( #847 ) ) ;
#996 = ORIENTED_EDGE ( 'NONE', *, *, #429, .F. ) ;
#997 = ORIENTED_EDGE ( 'NONE', *, *, #431, .T. ) ;
#998 = CARTESIAN_POINT ( 'NONE',  ( 5.197500000000000675, 2.250000000000002220, 1.084999999999999964 ) ) ;
#999 = ORIENTED_EDGE ( 'NONE', *, *, #2051, .T. ) ;
#1000 = ADVANCED_FACE ( 'NONE', ( #819 ), #1539, .F. ) ;
#1001 = DIRECTION ( 'NONE',  ( -1.927470528863116583E-15, 1.000000000000000000, 0.000000000000000000 ) ) ;
#1002 = FACE_OUTER_BOUND ( 'NONE', #942, .T. ) ;
#1003 =( LENGTH_UNIT ( ) NAMED_UNIT ( * ) SI_UNIT ( .MILLI., .METRE. ) );
#1004 = DIRECTION ( 'NONE',  ( -1.000000000000000000, 0.000000000000000000, 0.000000000000000000 ) ) ;
#1005 = ORIENTED_EDGE ( 'NONE', *, *, #431, .F. ) ;
#1006 = CYLINDRICAL_SURFACE ( 'NONE', #2073, 0.4050000000000034683 ) ;
#1007 = AXIS2_PLACEMENT_3D ( 'NONE', #1308, #2036, #377 ) ;
#1008 = DIRECTION ( 'NONE',  ( 0.000000000000000000, 1.000000000000000000, 0.000000000000000000 ) ) ;
#1009 = ORIENTED_EDGE ( 'NONE', *, *, #2164, .F. ) ;
#1010 = ORIENTED_EDGE ( 'NONE', *, *, #1556, .F. ) ;
#1011 = DIRECTION ( 'NONE',  ( 1.000000000000000000, 1.180083997263133724E-16, 0.000000000000000000 ) ) ;
#1012 = LINE ( 'NONE', #840, #1339 ) ;
#1013 = DIRECTION ( 'NONE',  ( -1.000000000000000000, 0.000000000000000000, 0.000000000000000000 ) ) ;
#1014 = EDGE_CURVE ( 'NONE', #1576, #929, #1890, .T. ) ;
#1015 = CARTESIAN_POINT ( 'NONE',  ( -5.197499999999998010, 2.250000000000002665, 1.084999999999999964 ) ) ;
#1016 = FACE_OUTER_BOUND ( 'NONE', #940, .T. ) ;
#1017 = CARTESIAN_POINT ( 'NONE',  ( -5.197499999999998010, 2.250000000000002665, 1.185000000000000053 ) ) ;
#1018 = VERTEX_POINT ( 'NONE', #2289 ) ;
#1019 = AXIS2_PLACEMENT_3D ( 'NONE', #1867, #2067, #395 ) ;
#1020 = EDGE_LOOP ( 'NONE', ( #287, #2044, #51, #352 ) ) ;
#1021 = VECTOR ( 'NONE', #466, 1000.000000000000000 ) ;
#1022 = VECTOR ( 'NONE', #568, 1000.000000000000000 ) ;
#1023 = ORIENTED_EDGE ( 'NONE', *, *, #2133, .F. ) ;
#1024 = CARTESIAN_POINT ( 'NONE',  ( -6.397499999999999076, 2.250000000000002665, 1.084999999999999964 ) ) ;
#1025 =( NAMED_UNIT ( * ) SI_UNIT ( $, .STERADIAN. ) SOLID_ANGLE_UNIT ( ) );
#1026 = AXIS2_PLACEMENT_3D ( 'NONE', #1887, #2050, #1518 ) ;
#1027 = FACE_OUTER_BOUND ( 'NONE', #1159, .T. ) ;
#1028 = CARTESIAN_POINT ( 'NONE',  ( -5.797499999999998543, -11.69999999999999929, 0.000000000000000000 ) ) ;
#1029 = EDGE_CURVE ( 'NONE', #373, #2334, #1209, .T. ) ;
#1030 = DIRECTION ( 'NONE',  ( -1.000000000000000000, 1.927470528863115795E-15, -0.000000000000000000 ) ) ;
#1031 = DIRECTION ( 'NONE',  ( -1.000000000000000000, 0.000000000000000000, 0.000000000000000000 ) ) ;
#1032 = EDGE_LOOP ( 'NONE', ( #301, #164, #2237, #425 ) ) ;
#1033 = VECTOR ( 'NONE', #1316, 1000.000000000000000 ) ;
#1034 = ORIENTED_EDGE ( 'NONE', *, *, #770, .T. ) ;
#1035 = ORIENTED_EDGE ( 'NONE', *, *, #416, .F. ) ;
#1036 = ORIENTED_EDGE ( 'NONE', *, *, #1760, .F. ) ;
#1037 = CARTESIAN_POINT ( 'NONE',  ( 4.164999999999999147, 0.7000000000000011768, 0.7850000000000001421 ) ) ;
#1038 = CLOSED_SHELL ( 'NONE', ( #60, #2083, #867, #1792 ) ) ;
#1039 = CARTESIAN_POINT ( 'NONE',  ( 3.165000000000000036, 1.000000000000001776, -2.214999999999999414 ) ) ;
#1040 = CARTESIAN_POINT ( 'NONE',  ( 3.864999999999999769, 0.6999999999999991784, -2.214999999999999414 ) ) ;
#1041 = FILL_AREA_STYLE ('',( #1615 ) ) ;
#1042 = DIRECTION ( 'NONE',  ( 0.000000000000000000, 0.000000000000000000, 1.000000000000000000 ) ) ;
#1043 = FACE_OUTER_BOUND ( 'NONE', #1502, .T. ) ;
#1044 = ORIENTED_EDGE ( 'NONE', *, *, #2239, .F. ) ;
#1045 = CIRCLE ( 'NONE', #542, 0.3999999999999997446 ) ;
#1046 = EDGE_CURVE ( 'NONE', #858, #1174, #1748, .T. ) ;
#1047 =( GEOMETRIC_REPRESENTATION_CONTEXT ( 3 ) GLOBAL_UNCERTAINTY_ASSIGNED_CONTEXT ( ( #1506 ) ) GLOBAL_UNIT_ASSIGNED_CONTEXT ( ( #2148, #293, #1973 ) ) REPRESENTATION_CONTEXT ( 'NONE', 'WORKASPACE' ) );
#1048 = ORIENTED_EDGE ( 'NONE', *, *, #2010, .T. ) ;
#1049 = COLOUR_RGB ( '',0.7921568627450980005, 0.8196078431372548767, 0.9333333333333333481 ) ;
#1050 = VERTEX_POINT ( 'NONE', #1382 ) ;
#1051 = DIRECTION ( 'NONE',  ( -0.000000000000000000, -1.000000000000000000, 0.000000000000000000 ) ) ;
#1052 = EDGE_CURVE ( 'NONE', #39, #1934, #526, .T. ) ;
#1053 = DIRECTION ( 'NONE',  ( 1.180083997263133971E-16, -1.000000000000000000, 0.000000000000000000 ) ) ;
#1054 = CARTESIAN_POINT ( 'NONE',  ( 7.350000000000001421, 1.000000000000002665, -2.614999999999999769 ) ) ;
#1055 = VERTEX_POINT ( 'NONE', #806 ) ;
#1056 = VECTOR ( 'NONE', #2140, 1000.000000000000000 ) ;
#1057 = CARTESIAN_POINT ( 'NONE',  ( -5.947499999999998010, 2.550000000000002043, 1.185000000000000053 ) ) ;
#1058 = ORIENTED_EDGE ( 'NONE', *, *, #688, .T. ) ;
#1059 = EDGE_CURVE ( 'NONE', #811, #300, #649, .T. ) ;
#1060 = VECTOR ( 'NONE', #2274, 1000.000000000000000 ) ;
#1061 = ORIENTED_EDGE ( 'NONE', *, *, #1618, .T. ) ;
#1062 = FACE_OUTER_BOUND ( 'NONE', #1427, .T. ) ;
#1063 = VECTOR ( 'NONE', #1114, 1000.000000000000000 ) ;
#1064 = CARTESIAN_POINT ( 'NONE',  ( -5.947499999999998010, 2.550000000000002043, 1.084999999999999964 ) ) ;
#1065 = PLANE ( 'NONE',  #1168 ) ;
#1066 =( NAMED_UNIT ( * ) PLANE_ANGLE_UNIT ( ) SI_UNIT ( $, .RADIAN. ) );
#1067 = AXIS2_PLACEMENT_3D ( 'NONE', #1367, #1558, #465 ) ;
#1068 = CARTESIAN_POINT ( 'NONE',  ( 5.197500000000000675, 2.550000000000002931, 1.185000000000000053 ) ) ;
#1069 = LINE ( 'NONE', #160, #799 ) ;
#1070 = EDGE_LOOP ( 'NONE', ( #22, #1285, #1868, #1606, #1251, #2154 ) ) ;
#1071 = CARTESIAN_POINT ( 'NONE',  ( 3.564999999999999947, 0.6999999999999991784, 0.7850000000000001421 ) ) ;
#1072 = ORIENTED_EDGE ( 'NONE', *, *, #1511, .F. ) ;
#1073 = VERTEX_POINT ( 'NONE', #1405 ) ;
#1074 = DIRECTION ( 'NONE',  ( 0.000000000000000000, 1.000000000000000000, 0.000000000000000000 ) ) ;
#1075 = EDGE_CURVE ( 'NONE', #1420, #1794, #1355, .T. ) ;
#1076 = PLANE ( 'NONE',  #2308 ) ;
#1077 = FACE_OUTER_BOUND ( 'NONE', #1070, .T. ) ;
#1078 = LINE ( 'NONE', #1433, #1592 ) ;
#1079 = FACE_OUTER_BOUND ( 'NONE', #58, .T. ) ;
#1080 = LINE ( 'NONE', #1828, #1762 ) ;
#1081 = ORIENTED_EDGE ( 'NONE', *, *, #2111, .F. ) ;
#1082 = DIRECTION ( 'NONE',  ( -1.000000000000000000, 0.000000000000000000, -0.000000000000000000 ) ) ;
#1083 = ORIENTED_EDGE ( 'NONE', *, *, #1613, .F. ) ;
#1084 = VECTOR ( 'NONE', #97, 1000.000000000000000 ) ;
#1085 = DIRECTION ( 'NONE',  ( 1.000000000000000000, 0.000000000000000000, 0.000000000000000000 ) ) ;
#1086 = COLOUR_RGB ( '',1.000000000000000000, 1.000000000000000000, 1.000000000000000000 ) ;
#1087 = DIRECTION ( 'NONE',  ( 0.000000000000000000, 0.000000000000000000, 1.000000000000000000 ) ) ;
#1088 = EDGE_CURVE ( 'NONE', #254, #2182, #1724, .T. ) ;
#1089 = CARTESIAN_POINT ( 'NONE',  ( -6.397499999999999076, 2.250000000000002665, 1.084999999999999964 ) ) ;
#1090 = DIRECTION ( 'NONE',  ( -1.000000000000000000, 0.000000000000000000, 0.000000000000000000 ) ) ;
#1091 = FACE_OUTER_BOUND ( 'NONE', #458, .T. ) ;
#1092 = DIRECTION ( 'NONE',  ( 1.180083997263133971E-16, -1.000000000000000000, 0.000000000000000000 ) ) ;
#1093 = EDGE_LOOP ( 'NONE', ( #1402, #2099, #1274, #2045 ) ) ;
#1094 = VERTEX_POINT ( 'NONE', #291 ) ;
#1095 = ORIENTED_EDGE ( 'NONE', *, *, #118, .F. ) ;
#1096 = DIRECTION ( 'NONE',  ( -1.180083997263133971E-16, 1.000000000000000000, -0.000000000000000000 ) ) ;
#1097 = CARTESIAN_POINT ( 'NONE',  ( 5.197500000000000675, 2.250000000000002220, 1.084999999999999964 ) ) ;
#1098 = AXIS2_PLACEMENT_3D ( 'NONE', #1926, #962, #88 ) ;
#1099 = DIRECTION ( 'NONE',  ( 1.000000000000000000, 1.180083997263133724E-16, -0.000000000000000000 ) ) ;
#1100 = LINE ( 'NONE', #269, #295 ) ;
#1101 = ADVANCED_FACE ( 'NONE', ( #1027 ), #1772, .F. ) ;
#1102 = DIRECTION ( 'NONE',  ( -1.000000000000000000, 0.000000000000000000, 0.000000000000000000 ) ) ;
#1103 = ORIENTED_EDGE ( 'NONE', *, *, #1014, .F. ) ;
#1104 = ADVANCED_FACE ( 'NONE', ( #428 ), #707, .F. ) ;
#1105 = LINE ( 'NONE', #2042, #250 ) ;
#1106 = VERTEX_POINT ( 'NONE', #1798 ) ;
#1107 = ORIENTED_EDGE ( 'NONE', *, *, #1726, .F. ) ;
#1108 = DIRECTION ( 'NONE',  ( 1.000000000000000000, 0.000000000000000000, 0.000000000000000000 ) ) ;
#1109 = CARTESIAN_POINT ( 'NONE',  ( -7.350000000000001421, 1.000000000000000888, -2.614999999999999769 ) ) ;
#1110 = DIRECTION ( 'NONE',  ( 1.000000000000000000, 1.927470528863119739E-15, 0.000000000000000000 ) ) ;
#1111 = UNCERTAINTY_MEASURE_WITH_UNIT (LENGTH_MEASURE( 1.000000000000000082E-05 ), #2315, 'distance_accuracy_value', 'NONE');
#1112 = DIRECTION ( 'NONE',  ( 1.000000000000000000, 1.180083997263133724E-16, 0.000000000000000000 ) ) ;
#1113 = EDGE_CURVE ( 'NONE', #117, #728, #1416, .T. ) ;
#1114 = DIRECTION ( 'NONE',  ( 0.000000000000000000, 0.000000000000000000, 1.000000000000000000 ) ) ;
#1115 = EDGE_LOOP ( 'NONE', ( #1009, #944, #1847, #143 ) ) ;
#1116 = LINE ( 'NONE', #1345, #1918 ) ;
#1117 = ORIENTED_EDGE ( 'NONE', *, *, #414, .T. ) ;
#1118 = EDGE_CURVE ( 'NONE', #1134, #2143, #532, .T. ) ;
#1119 = ORIENTED_EDGE ( 'NONE', *, *, #678, .F. ) ;
#1120 = DIRECTION ( 'NONE',  ( 1.000000000000000000, 0.000000000000000000, 0.000000000000000000 ) ) ;
#1121 = AXIS2_PLACEMENT_3D ( 'NONE', #1734, #612, #2300 ) ;
#1122 = AXIS2_PLACEMENT_3D ( 'NONE', #1836, #1074, #2146 ) ;
#1123 = CARTESIAN_POINT ( 'NONE',  ( -6.397499999999999076, 2.250000000000002665, 1.084999999999999964 ) ) ;
#1124 = CIRCLE ( 'NONE', #8, 0.4000000000000001887 ) ;
#1125 = AXIS2_PLACEMENT_3D ( 'NONE', #292, #305, #1972 ) ;
#1126 = DIRECTION ( 'NONE',  ( -1.180083997263133971E-16, 1.000000000000000000, -0.000000000000000000 ) ) ;
#1127 =( GEOMETRIC_REPRESENTATION_CONTEXT ( 3 ) GLOBAL_UNCERTAINTY_ASSIGNED_CONTEXT ( ( #682 ) ) GLOBAL_UNIT_ASSIGNED_CONTEXT ( ( #1738, #1399, #286 ) ) REPRESENTATION_CONTEXT ( 'NONE', 'WORKASPACE' ) );
#1128 = LINE ( 'NONE', #194, #1766 ) ;
#1129 = FACE_OUTER_BOUND ( 'NONE', #930, .T. ) ;
#1130 = ORIENTED_EDGE ( 'NONE', *, *, #1726, .T. ) ;
#1131 = FILL_AREA_STYLE_COLOUR ( '', #1597 ) ;
#1132 = DIRECTION ( 'NONE',  ( -1.000000000000000000, 0.000000000000000000, 0.000000000000000000 ) ) ;
#1133 = ORIENTED_EDGE ( 'NONE', *, *, #103, .T. ) ;
#1134 = VERTEX_POINT ( 'NONE', #1824 ) ;
#1135 = EDGE_CURVE ( 'NONE', #1466, #1303, #1253, .T. ) ;
#1136 = VERTEX_POINT ( 'NONE', #328 ) ;
#1137 = CARTESIAN_POINT ( 'NONE',  ( -5.947499999999998010, 3.000000000000002665, 1.084999999999999964 ) ) ;
#1138 = AXIS2_PLACEMENT_3D ( 'NONE', #1840, #912, #1445 ) ;
#1139 = LINE ( 'NONE', #2059, #2071 ) ;
#1140 = DIRECTION ( 'NONE',  ( 1.000000000000000000, 0.000000000000000000, 0.000000000000000000 ) ) ;
#1141 = UNCERTAINTY_MEASURE_WITH_UNIT (LENGTH_MEASURE( 1.000000000000000082E-05 ), #660, 'distance_accuracy_value', 'NONE');
#1142 = VECTOR ( 'NONE', #2351, 1000.000000000000000 ) ;
#1143 = CARTESIAN_POINT ( 'NONE',  ( -4.164999999999999147, 1.000000000000001332, 1.185000000000000053 ) ) ;
#1144 = CARTESIAN_POINT ( 'NONE',  ( -5.647499999999998188, 2.550000000000002043, 1.084999999999999964 ) ) ;
#1145 = DIRECTION ( 'NONE',  ( 0.000000000000000000, -0.000000000000000000, -1.000000000000000000 ) ) ;
#1146 = VECTOR ( 'NONE', #2029, 1000.000000000000000 ) ;
#1147 = FACE_OUTER_BOUND ( 'NONE', #872, .T. ) ;
#1148 = ORIENTED_EDGE ( 'NONE', *, *, #1295, .T. ) ;
#1149 = PRODUCT_DEFINITION_SHAPE ( 'NONE', 'NONE',  #82 ) ;
#1150 = ORIENTED_EDGE ( 'NONE', *, *, #459, .F. ) ;
#1151 = FACE_OUTER_BOUND ( 'NONE', #2233, .T. ) ;
#1152 = PLANE ( 'NONE',  #871 ) ;
#1153 = LINE ( 'NONE', #983, #896 ) ;
#1154 = EDGE_CURVE ( 'NONE', #920, #2225, #2189, .T. ) ;
#1155 = AXIS2_PLACEMENT_3D ( 'NONE', #1492, #934, #204 ) ;
#1156 = DIRECTION ( 'NONE',  ( 1.180083997263133724E-16, -1.000000000000000000, 0.000000000000000000 ) ) ;
#1157 = FILL_AREA_STYLE ('',( #2318 ) ) ;
#1158 = PRESENTATION_STYLE_ASSIGNMENT (( #590 ) ) ;
#1159 = EDGE_LOOP ( 'NONE', ( #2057, #980, #1476, #1148 ) ) ;
#1160 = ORIENTED_EDGE ( 'NONE', *, *, #1521, .F. ) ;
#1161 = CARTESIAN_POINT ( 'NONE',  ( -3.165000000000000036, 0.7000000000000000666, -2.614999999999999325 ) ) ;
#1162 = ADVANCED_FACE ( 'NONE', ( #680 ), #1076, .T. ) ;
#1163 = DIRECTION ( 'NONE',  ( 1.000000000000000000, 0.000000000000000000, 0.000000000000000000 ) ) ;
#1164 = AXIS2_PLACEMENT_3D ( 'NONE', #924, #1494, #1279 ) ;
#1165 = STYLED_ITEM ( 'NONE', ( #1985 ), #2200 ) ;
#1166 = VECTOR ( 'NONE', #1315, 1000.000000000000000 ) ;
#1167 = CARTESIAN_POINT ( 'NONE',  ( -5.850000000000001421, 12.69999999999999929, -2.614999999999999769 ) ) ;
#1168 = AXIS2_PLACEMENT_3D ( 'NONE', #888, #126, #2360 ) ;
#1169 = EDGE_CURVE ( 'NONE', #513, #1545, #669, .T. ) ;
#1170 = LINE ( 'NONE', #1930, #1493 ) ;
#1171 = ADVANCED_FACE ( 'NONE', ( #485 ), #155, .F. ) ;
#1172 = DIRECTION ( 'NONE',  ( 0.000000000000000000, 0.000000000000000000, 1.000000000000000000 ) ) ;
#1173 = LINE ( 'NONE', #1911, #2223 ) ;
#1174 = VERTEX_POINT ( 'NONE', #1455 ) ;
#1175 = EDGE_LOOP ( 'NONE', ( #130, #1550, #640, #2132 ) ) ;
#1176 = LINE ( 'NONE', #2282, #1327 ) ;
#1177 = CARTESIAN_POINT ( 'NONE',  ( -5.197499999999998010, 2.550000000000002931, 1.084999999999999964 ) ) ;
#1178 = DIRECTION ( 'NONE',  ( 0.000000000000000000, 0.000000000000000000, -1.000000000000000000 ) ) ;
#1179 = VECTOR ( 'NONE', #358, 1000.000000000000000 ) ;
#1180 = CARTESIAN_POINT ( 'NONE',  ( 3.864999999999999769, 0.6999999999999991784, 0.7850000000000001421 ) ) ;
#1181 = LINE ( 'NONE', #1737, #409 ) ;
#1182 = AXIS2_PLACEMENT_3D ( 'NONE', #440, #53, #452 ) ;
#1183 = EDGE_CURVE ( 'NONE', #1576, #1767, #146, .T. ) ;
#1184 = PRESENTATION_STYLE_ASSIGNMENT (( #1223 ) ) ;
#1185 = LINE ( 'NONE', #671, #2139 ) ;
#1186 = ORIENTED_EDGE ( 'NONE', *, *, #1910, .T. ) ;
#1187 = AXIS2_PLACEMENT_3D ( 'NONE', #560, #2015, #359 ) ;
#1188 = EDGE_CURVE ( 'NONE', #298, #1463, #1424, .T. ) ;
#1189 = VERTEX_POINT ( 'NONE', #1039 ) ;
#1190 = CARTESIAN_POINT ( 'NONE',  ( 6.202500000000002345, 1.000000000000002442, 4.959819536546816962E-17 ) ) ;
#1191 = VECTOR ( 'NONE', #900, 1000.000000000000000 ) ;
#1192 = ORIENTED_EDGE ( 'NONE', *, *, #1793, .T. ) ;
#1193 = EDGE_CURVE ( 'NONE', #108, #1667, #9, .T. ) ;
#1194 = DIRECTION ( 'NONE',  ( 1.000000000000000000, 1.927470528863116583E-15, 0.000000000000000000 ) ) ;
#1195 = DIRECTION ( 'NONE',  ( -1.000000000000000000, 1.927470528863115795E-15, -0.000000000000000000 ) ) ;
#1196 = PLANE ( 'NONE',  #120 ) ;
#1197 = FACE_OUTER_BOUND ( 'NONE', #1093, .T. ) ;
#1198 = ORIENTED_EDGE ( 'NONE', *, *, #2038, .F. ) ;
#1199 = CARTESIAN_POINT ( 'NONE',  ( -5.797499999999997655, -14.19999999999999751, 0.000000000000000000 ) ) ;
#1200 = ADVANCED_FACE ( 'NONE', ( #316 ), #2285, .T. ) ;
#1201 = DIRECTION ( 'NONE',  ( 0.000000000000000000, 0.000000000000000000, 1.000000000000000000 ) ) ;
#1202 = ORIENTED_EDGE ( 'NONE', *, *, #887, .T. ) ;
#1203 = ORIENTED_EDGE ( 'NONE', *, *, #848, .F. ) ;
#1204 = LINE ( 'NONE', #2113, #1084 ) ;
#1205 = ADVANCED_FACE ( 'NONE', ( #1241 ), #2158, .F. ) ;
#1206 = DIRECTION ( 'NONE',  ( -1.000000000000000000, -1.927470528863119739E-15, -0.000000000000000000 ) ) ;
#1207 = DIRECTION ( 'NONE',  ( 0.000000000000000000, 0.000000000000000000, -1.000000000000000000 ) ) ;
#1208 = DIRECTION ( 'NONE',  ( -0.000000000000000000, -0.000000000000000000, 1.000000000000000000 ) ) ;
#1209 = LINE ( 'NONE', #1907, #29 ) ;
#1210 = LINE ( 'NONE', #986, #1021 ) ;
#1211 = VECTOR ( 'NONE', #1914, 1000.000000000000000 ) ;
#1212 = LINE ( 'NONE', #625, #1056 ) ;
#1213 = ORIENTED_EDGE ( 'NONE', *, *, #497, .F. ) ;
#1214 = PRESENTATION_LAYER_ASSIGNMENT (  '', '', ( #1410 ) ) ;
#1215 = ORIENTED_EDGE ( 'NONE', *, *, #1586, .F. ) ;
#1216 = ADVANCED_FACE ( 'NONE', ( #317 ), #1670, .T. ) ;
#1217 = VERTEX_POINT ( 'NONE', #510 ) ;
#1218 = DIRECTION ( 'NONE',  ( 1.180083997263133724E-16, -1.000000000000000000, 0.000000000000000000 ) ) ;
#1219 = DIRECTION ( 'NONE',  ( 1.000000000000000000, 0.000000000000000000, 0.000000000000000000 ) ) ;
#1220 = CARTESIAN_POINT ( 'NONE',  ( -6.397499999999999076, 2.250000000000002665, 1.185000000000000053 ) ) ;
#1221 = FACE_OUTER_BOUND ( 'NONE', #798, .T. ) ;
#1222 = CARTESIAN_POINT ( 'NONE',  ( 3.564999999999999947, 0.6999999999999991784, -2.214999999999999414 ) ) ;
#1223 = SURFACE_STYLE_USAGE ( .BOTH. , #995 ) ;
#1224 = ORIENTED_EDGE ( 'NONE', *, *, #486, .T. ) ;
#1225 = AXIS2_PLACEMENT_3D ( 'NONE', #1272, #98, #1082 ) ;
#1226 = ORIENTED_EDGE ( 'NONE', *, *, #1295, .F. ) ;
#1227 = ORIENTED_EDGE ( 'NONE', *, *, #2272, .F. ) ;
#1228 = DIRECTION ( 'NONE',  ( 1.000000000000000000, 1.180083997263133724E-16, 0.000000000000000000 ) ) ;
#1229 = AXIS2_PLACEMENT_3D ( 'NONE', #1180, #1571, #1004 ) ;
#1230 = DIRECTION ( 'NONE',  ( -1.180083997263133724E-16, 1.000000000000000000, -0.000000000000000000 ) ) ;
#1231 = ADVANCED_FACE ( 'NONE', ( #1221 ), #1065, .F. ) ;
#1232 = LINE ( 'NONE', #1017, #87 ) ;
#1233 = PLANE ( 'NONE',  #1952 ) ;
#1234 = ORIENTED_EDGE ( 'NONE', *, *, #1856, .F. ) ;
#1235 = ORIENTED_EDGE ( 'NONE', *, *, #152, .F. ) ;
#1236 = ORIENTED_EDGE ( 'NONE', *, *, #1413, .F. ) ;
#1237 = ADVANCED_FACE ( 'NONE', ( #2317 ), #1951, .T. ) ;
#1238 = ORIENTED_EDGE ( 'NONE', *, *, #593, .T. ) ;
#1239 = CARTESIAN_POINT ( 'NONE',  ( -6.202499999999997904, -14.19999999999999751, 0.000000000000000000 ) ) ;
#1240 = AXIS2_PLACEMENT_3D ( 'NONE', #588, #1404, #1509 ) ;
#1241 = FACE_OUTER_BOUND ( 'NONE', #2209, .T. ) ;
#1242 = LINE ( 'NONE', #708, #833 ) ;
#1243 = EDGE_CURVE ( 'NONE', #1967, #2355, #2240, .T. ) ;
#1244 = CARTESIAN_POINT ( 'NONE',  ( -3.564999999999999503, 1.000000000000001332, -2.614999999999999769 ) ) ;
#1245 = ORIENTED_EDGE ( 'NONE', *, *, #1088, .F. ) ;
#1246 = VECTOR ( 'NONE', #2295, 1000.000000000000000 ) ;
#1247 = VECTOR ( 'NONE', #356, 1000.000000000000000 ) ;
#1248 = CARTESIAN_POINT ( 'NONE',  ( -3.564999999999999503, 1.000000000000001332, -2.214999999999999414 ) ) ;
#1249 = ORIENTED_EDGE ( 'NONE', *, *, #1776, .F. ) ;
#1250 = AXIS2_PLACEMENT_3D ( 'NONE', #2267, #615, #1172 ) ;
#1251 = ORIENTED_EDGE ( 'NONE', *, *, #1731, .F. ) ;
#1252 = CARTESIAN_POINT ( 'NONE',  ( -5.197499999999998010, 2.250000000000002665, 1.084999999999999964 ) ) ;
#1253 = LINE ( 'NONE', #1265, #958 ) ;
#1254 = PLANE ( 'NONE',  #1557 ) ;
#1255 = DIRECTION ( 'NONE',  ( 1.000000000000000000, 1.927470528863119739E-15, 0.000000000000000000 ) ) ;
#1256 = EDGE_LOOP ( 'NONE', ( #2343, #1048, #824, #49 ) ) ;
#1257 = AXIS2_PLACEMENT_3D ( 'NONE', #128, #1616, #1630 ) ;
#1258 = DIRECTION ( 'NONE',  ( -0.7071067811865479058, -0.7071067811865471286, 0.000000000000000000 ) ) ;
#1259 = ORIENTED_EDGE ( 'NONE', *, *, #2378, .T. ) ;
#1260 = EDGE_CURVE ( 'NONE', #2034, #449, #923, .T. ) ;
#1261 = AXIS2_PLACEMENT_3D ( 'NONE', #2286, #2102, #826 ) ;
#1262 = ORIENTED_EDGE ( 'NONE', *, *, #909, .T. ) ;
#1263 = CARTESIAN_POINT ( 'NONE',  ( -7.350000000000001421, 1.000000000000000888, 1.185000000000000053 ) ) ;
#1264 = AXIS2_PLACEMENT_3D ( 'NONE', #787, #196, #763 ) ;
#1265 = CARTESIAN_POINT ( 'NONE',  ( 7.349999999999998757, 12.70000000000000107, 1.185000000000000053 ) ) ;
#1266 = CARTESIAN_POINT ( 'NONE',  ( -5.647499999999998188, 2.550000000000002043, 1.084999999999999964 ) ) ;
#1267 = DIRECTION ( 'NONE',  ( 1.000000000000000000, 0.000000000000000000, 0.000000000000000000 ) ) ;
#1268 = AXIS2_PLACEMENT_3D ( 'NONE', #2147, #1837, #2173 ) ;
#1269 = CYLINDRICAL_SURFACE ( 'NONE', #1986, 0.6999999999999996225 ) ;
#1270 = FACE_OUTER_BOUND ( 'NONE', #1945, .T. ) ;
#1271 = VERTEX_POINT ( 'NONE', #1123 ) ;
#1272 = CARTESIAN_POINT ( 'NONE',  ( 0.000000000000000000, 0.000000000000000000, 1.084999999999999964 ) ) ;
#1273 = EDGE_LOOP ( 'NONE', ( #2344, #739, #2395, #410 ) ) ;
#1274 = ORIENTED_EDGE ( 'NONE', *, *, #709, .F. ) ;
#1275 = EDGE_CURVE ( 'NONE', #550, #121, #1838, .T. ) ;
#1276 = DIRECTION ( 'NONE',  ( -1.000000000000000000, -1.927470528863119739E-15, 0.000000000000000000 ) ) ;
#1277 = EDGE_CURVE ( 'NONE', #1736, #1934, #2081, .T. ) ;
#1278 = DIRECTION ( 'NONE',  ( 1.000000000000000000, -1.927470528863115795E-15, 0.000000000000000000 ) ) ;
#1279 = DIRECTION ( 'NONE',  ( 0.000000000000000000, 0.000000000000000000, 1.000000000000000000 ) ) ;
#1280 = CIRCLE ( 'NONE', #576, 0.4050000000000034683 ) ;
#1281 = DIRECTION ( 'NONE',  ( 0.000000000000000000, 0.000000000000000000, 1.000000000000000000 ) ) ;
#1282 = CARTESIAN_POINT ( 'NONE',  ( 1.932499999999998996, 1.000000000000001998, 0.000000000000000000 ) ) ;
#1283 = DIRECTION ( 'NONE',  ( 1.180083997263133971E-16, -1.000000000000000000, 0.000000000000000000 ) ) ;
#1284 = DIRECTION ( 'NONE',  ( -1.000000000000000000, 1.927470528863116583E-15, 0.000000000000000000 ) ) ;
#1285 = ORIENTED_EDGE ( 'NONE', *, *, #1368, .T. ) ;
#1286 = AXIS2_PLACEMENT_3D ( 'NONE', #1601, #716, #886 ) ;
#1287 = CIRCLE ( 'NONE', #2160, 0.4049999999999999711 ) ;
#1288 = ORIENTED_EDGE ( 'NONE', *, *, #1809, .T. ) ;
#1289 = ORIENTED_EDGE ( 'NONE', *, *, #1536, .T. ) ;
#1290 = CARTESIAN_POINT ( 'NONE',  ( -5.947499999999998010, 2.550000000000002043, 1.185000000000000053 ) ) ;
#1291 = EDGE_CURVE ( 'NONE', #61, #2030, #156, .T. ) ;
#1292 = DIRECTION ( 'NONE',  ( 0.000000000000000000, 0.000000000000000000, 1.000000000000000000 ) ) ;
#1293 = EDGE_CURVE ( 'NONE', #373, #39, #2001, .T. ) ;
#1294 = LINE ( 'NONE', #192, #701 ) ;
#1295 = EDGE_CURVE ( 'NONE', #811, #1420, #376, .T. ) ;
#1296 = PLANE ( 'NONE',  #1257 ) ;
#1297 = CARTESIAN_POINT ( 'NONE',  ( 7.350000000000003197, -14.19999999999999751, -2.614999999999999769 ) ) ;
#1298 = ORIENTED_EDGE ( 'NONE', *, *, #2322, .F. ) ;
#1299 = EDGE_CURVE ( 'NONE', #2368, #1540, #901, .T. ) ;
#1300 = CARTESIAN_POINT ( 'NONE',  ( -4.164999999999999147, 0.7000000000000000666, 1.185000000000000053 ) ) ;
#1301 = EDGE_LOOP ( 'NONE', ( #2142, #131, #1893, #1314 ) ) ;
#1302 = ORIENTED_EDGE ( 'NONE', *, *, #1731, .T. ) ;
#1303 = VERTEX_POINT ( 'NONE', #1480 ) ;
#1304 = CARTESIAN_POINT ( 'NONE',  ( -5.647499999999998188, 2.550000000000002043, 1.084999999999999964 ) ) ;
#1305 = VECTOR ( 'NONE', #1426, 1000.000000000000000 ) ;
#1306 = LINE ( 'NONE', #1266, #1774 ) ;
#1307 = VECTOR ( 'NONE', #1258, 1000.000000000000000 ) ;
#1308 = CARTESIAN_POINT ( 'NONE',  ( -5.647499999999998188, 1.800000000000003153, 1.084999999999999964 ) ) ;
#1309 = ADVANCED_FACE ( 'NONE', ( #717 ), #732, .T. ) ;
#1310 = CARTESIAN_POINT ( 'NONE',  ( -5.850000000000001421, 12.69999999999999929, -2.614999999999999769 ) ) ;
#1311 = ORIENTED_EDGE ( 'NONE', *, *, #381, .F. ) ;
#1312 = ORIENTED_EDGE ( 'NONE', *, *, #674, .F. ) ;
#1313 = VERTEX_POINT ( 'NONE', #2372 ) ;
#1314 = ORIENTED_EDGE ( 'NONE', *, *, #1572, .T. ) ;
#1315 = DIRECTION ( 'NONE',  ( -0.000000000000000000, -0.000000000000000000, 1.000000000000000000 ) ) ;
#1316 = DIRECTION ( 'NONE',  ( -1.000000000000000000, -0.000000000000000000, -0.000000000000000000 ) ) ;
#1317 = FACE_OUTER_BOUND ( 'NONE', #15, .T. ) ;
#1318 = CARTESIAN_POINT ( 'NONE',  ( 5.197500000000000675, 2.550000000000002931, 1.084999999999999964 ) ) ;
#1319 = ORIENTED_EDGE ( 'NONE', *, *, #2247, .F. ) ;
#1320 = EDGE_CURVE ( 'NONE', #121, #372, #1456, .T. ) ;
#1321 = FILL_AREA_STYLE ('',( #433 ) ) ;
#1322 = FACE_OUTER_BOUND ( 'NONE', #1752, .T. ) ;
#1323 = ORIENTED_EDGE ( 'NONE', *, *, #436, .T. ) ;
#1324 = VERTEX_POINT ( 'NONE', #2399 ) ;
#1325 = CARTESIAN_POINT ( 'NONE',  ( -6.397499999999999076, 2.550000000000002931, 1.084999999999999964 ) ) ;
#1326 = CARTESIAN_POINT ( 'NONE',  ( -5.850000000000001421, 12.69999999999999929, 1.185000000000000053 ) ) ;
#1327 = VECTOR ( 'NONE', #1936, 1000.000000000000000 ) ;
#1328 = CARTESIAN_POINT ( 'NONE',  ( -1.932500000000000773, 1.000000000000001554, 0.000000000000000000 ) ) ;
#1329 = PLANE ( 'NONE',  #1389 ) ;
#1330 = LINE ( 'NONE', #1024, #1935 ) ;
#1331 = CARTESIAN_POINT ( 'NONE',  ( 7.350000000000001421, 1.000000000000002665, 1.185000000000000053 ) ) ;
#1332 = ORIENTED_EDGE ( 'NONE', *, *, #2124, .T. ) ;
#1333 = VERTEX_POINT ( 'NONE', #1686 ) ;
#1334 = CARTESIAN_POINT ( 'NONE',  ( 6.397500000000000853, 2.250000000000002220, 1.185000000000000053 ) ) ;
#1335 = ADVANCED_FACE ( 'NONE', ( #1077 ), #2213, .T. ) ;
#1336 = LINE ( 'NONE', #255, #1060 ) ;
#1337 = CARTESIAN_POINT ( 'NONE',  ( -3.165000000000000036, 1.000000000000000888, -2.614999999999999325 ) ) ;
#1338 = PRODUCT_DEFINITION_CONTEXT ( 'detailed design', #2394, 'design' ) ;
#1339 = VECTOR ( 'NONE', #2114, 1000.000000000000000 ) ;
#1340 = DIRECTION ( 'NONE',  ( -1.927470528863115795E-15, 1.000000000000000000, 0.000000000000000000 ) ) ;
#1341 = DIRECTION ( 'NONE',  ( -1.927470528863116583E-15, 1.000000000000000000, 0.000000000000000000 ) ) ;
#1342 = AXIS2_PLACEMENT_3D ( 'NONE', #1711, #2263, #1916 ) ;
#1343 =( NAMED_UNIT ( * ) SI_UNIT ( $, .STERADIAN. ) SOLID_ANGLE_UNIT ( ) );
#1344 = EDGE_CURVE ( 'NONE', #2143, #197, #180, .T. ) ;
#1345 = CARTESIAN_POINT ( 'NONE',  ( 3.564999999999999947, 0.6999999999999991784, 1.185000000000000053 ) ) ;
#1346 = ORIENTED_EDGE ( 'NONE', *, *, #1169, .T. ) ;
#1347 = CIRCLE ( 'NONE', #1458, 0.4049999999999995270 ) ;
#1348 = ORIENTED_EDGE ( 'NONE', *, *, #1614, .F. ) ;
#1349 = CARTESIAN_POINT ( 'NONE',  ( -2.337500000000000799, 1.000000000000001554, 0.000000000000000000 ) ) ;
#1350 = EDGE_CURVE ( 'NONE', #2236, #2034, #1306, .T. ) ;
#1351 = ORIENTED_EDGE ( 'NONE', *, *, #685, .T. ) ;
#1352 = PLANE ( 'NONE',  #1882 ) ;
#1353 =( NAMED_UNIT ( * ) SI_UNIT ( $, .STERADIAN. ) SOLID_ANGLE_UNIT ( ) );
#1354 = VECTOR ( 'NONE', #1505, 1000.000000000000000 ) ;
#1355 = LINE ( 'NONE', #2128, #338 ) ;
#1356 = DIRECTION ( 'NONE',  ( 1.000000000000000000, 0.000000000000000000, 0.000000000000000000 ) ) ;
#1357 =( LENGTH_UNIT ( ) NAMED_UNIT ( * ) SI_UNIT ( .MILLI., .METRE. ) );
#1358 = ORIENTED_EDGE ( 'NONE', *, *, #157, .T. ) ;
#1359 = ORIENTED_EDGE ( 'NONE', *, *, #1948, .F. ) ;
#1360 = CARTESIAN_POINT ( 'NONE',  ( -5.197499999999998010, 2.250000000000002665, 1.185000000000000053 ) ) ;
#1361 = CARTESIAN_POINT ( 'NONE',  ( -5.947499999999998010, 2.550000000000002043, 1.084999999999999964 ) ) ;
#1362 = CYLINDRICAL_SURFACE ( 'NONE', #2126, 0.4000000000000001887 ) ;
#1363 = VECTOR ( 'NONE', #1432, 1000.000000000000000 ) ;
#1364 = EDGE_CURVE ( 'NONE', #363, #920, #546, .T. ) ;
#1365 = VECTOR ( 'NONE', #127, 1000.000000000000000 ) ;
#1366 = VECTOR ( 'NONE', #1478, 1000.000000000000000 ) ;
#1368 = EDGE_CURVE ( 'NONE', #83, #2068, #722, .T. ) ;
#1367 = CARTESIAN_POINT ( 'NONE',  ( 5.197500000000000675, 2.550000000000002931, 1.084999999999999964 ) ) ;
#1369 =( LENGTH_UNIT ( ) NAMED_UNIT ( * ) SI_UNIT ( .MILLI., .METRE. ) );
#1370 = EDGE_CURVE ( 'NONE', #1540, #2292, #1861, .T. ) ;
#1371 = PRESENTATION_LAYER_ASSIGNMENT (  '', '', ( #630 ) ) ;
#1372 = DIRECTION ( 'NONE',  ( -0.000000000000000000, 1.000000000000000000, -0.000000000000000000 ) ) ;
#1373 = EDGE_LOOP ( 'NONE', ( #176, #1083, #201, #1876 ) ) ;
#1374 = ORIENTED_EDGE ( 'NONE', *, *, #1193, .F. ) ;
#1375 = DIRECTION ( 'NONE',  ( 1.000000000000000000, 0.000000000000000000, 0.000000000000000000 ) ) ;
#1376 = EDGE_CURVE ( 'NONE', #2182, #2273, #2190, .T. ) ;
#1377 = EDGE_LOOP ( 'NONE', ( #447, #1728, #223, #2280 ) ) ;
#1378 = DIRECTION ( 'NONE',  ( 0.000000000000000000, -0.000000000000000000, 1.000000000000000000 ) ) ;
#1379 = CARTESIAN_POINT ( 'NONE',  ( 3.864999999999999769, 0.6999999999999991784, 0.7850000000000001421 ) ) ;
#1380 = LINE ( 'NONE', #1698, #859 ) ;
#1381 = VECTOR ( 'NONE', #866, 1000.000000000000000 ) ;
#1382 = CARTESIAN_POINT ( 'NONE',  ( -5.197499999999998010, 2.550000000000002931, 1.185000000000000053 ) ) ;
#1383 = EDGE_LOOP ( 'NONE', ( #1671, #122, #1452, #518 ) ) ;
#1384 = CARTESIAN_POINT ( 'NONE',  ( 5.797500000000000320, -11.69999999999999751, 0.000000000000000000 ) ) ;
#1385 = AXIS2_PLACEMENT_3D ( 'NONE', #222, #2031, #834 ) ;
#1386 = LINE ( 'NONE', #1727, #394 ) ;
#1387 = ADVANCED_FACE ( 'NONE', ( #804 ), #973, .T. ) ;
#1388 = ORIENTED_EDGE ( 'NONE', *, *, #679, .F. ) ;
#1389 = AXIS2_PLACEMENT_3D ( 'NONE', #1144, #1908, #1341 ) ;
#1390 = EDGE_LOOP ( 'NONE', ( #1477, #1637, #2131, #1498 ) ) ;
#1391 = CARTESIAN_POINT ( 'NONE',  ( -6.397499999999999076, 2.550000000000002931, 1.084999999999999964 ) ) ;
#1392 = VECTOR ( 'NONE', #985, 1000.000000000000000 ) ;
#1393 = CARTESIAN_POINT ( 'NONE',  ( -2.337499999999999023, -11.69999999999999929, 0.000000000000000000 ) ) ;
#1394 = DIRECTION ( 'NONE',  ( -1.000000000000000000, -1.314184451497581259E-16, 0.000000000000000000 ) ) ;
#1395 = DIRECTION ( 'NONE',  ( 1.000000000000000000, 1.927470528863119739E-15, 0.000000000000000000 ) ) ;
#1396 = EDGE_CURVE ( 'NONE', #698, #384, #2093, .T. ) ;
#1397 = DIRECTION ( 'NONE',  ( -1.314184451497581259E-16, 1.000000000000000000, 0.000000000000000000 ) ) ;
#1398 = DIRECTION ( 'NONE',  ( 0.000000000000000000, -1.000000000000000000, 0.000000000000000000 ) ) ;
#1399 =( NAMED_UNIT ( * ) PLANE_ANGLE_UNIT ( ) SI_UNIT ( $, .RADIAN. ) );
#1400 = ORIENTED_EDGE ( 'NONE', *, *, #1522, .T. ) ;
#1401 = ADVANCED_FACE ( 'NONE', ( #582 ), #1884, .T. ) ;
#1402 = ORIENTED_EDGE ( 'NONE', *, *, #1960, .T. ) ;
#1403 = CLOSED_SHELL ( 'NONE', ( #2183, #1309, #2268, #694, #2231, #2261 ) ) ;
#1404 = DIRECTION ( 'NONE',  ( 1.180083997263133724E-16, -1.000000000000000000, 0.000000000000000000 ) ) ;
#1405 = CARTESIAN_POINT ( 'NONE',  ( -5.947499999999998010, 2.250000000000001776, 1.084999999999999964 ) ) ;
#1406 = LINE ( 'NONE', #533, #1974 ) ;
#1407 = STYLED_ITEM ( 'NONE', ( #853 ), #1722 ) ;
#1408 = DIRECTION ( 'NONE',  ( 0.000000000000000000, 1.000000000000000000, 0.000000000000000000 ) ) ;
#1409 = ORIENTED_EDGE ( 'NONE', *, *, #574, .T. ) ;
#1410 = STYLED_ITEM ( 'NONE', ( #221 ), #572 ) ;
#1411 = ORIENTED_EDGE ( 'NONE', *, *, #1320, .T. ) ;
#1412 = ORIENTED_EDGE ( 'NONE', *, *, #1188, .F. ) ;
#1413 = EDGE_CURVE ( 'NONE', #1666, #1588, #1139, .T. ) ;
#1414 = DIRECTION ( 'NONE',  ( -1.000000000000000000, 0.000000000000000000, 0.000000000000000000 ) ) ;
#1415 = APPLICATION_PROTOCOL_DEFINITION ( 'draft international standard', 'automotive_design', 1998, #712 ) ;
#1416 = LINE ( 'NONE', #1626, #1997 ) ;
#1417 = DIRECTION ( 'NONE',  ( -0.000000000000000000, -1.000000000000000000, -0.000000000000000000 ) ) ;
#1418 = ORIENTED_EDGE ( 'NONE', *, *, #400, .T. ) ;
#1419 = AXIS2_PLACEMENT_3D ( 'NONE', #1537, #401, #794 ) ;
#1420 = VERTEX_POINT ( 'NONE', #2254 ) ;
#1421 = VERTEX_POINT ( 'NONE', #634 ) ;
#1422 = CARTESIAN_POINT ( 'NONE',  ( 3.564999999999999947, 0.6999999999999991784, 1.185000000000000053 ) ) ;
#1423 = ADVANCED_FACE ( 'NONE', ( #611 ), #1352, .T. ) ;
#1424 = LINE ( 'NONE', #1958, #2091 ) ;
#1425 = CARTESIAN_POINT ( 'NONE',  ( 7.349999999999998757, 12.70000000000000107, -2.614999999999999769 ) ) ;
#1426 = DIRECTION ( 'NONE',  ( 1.000000000000000000, 1.180083997263133724E-16, -0.000000000000000000 ) ) ;
#1427 = EDGE_LOOP ( 'NONE', ( #2110, #956, #926, #1692 ) ) ;
#1428 = DIRECTION ( 'NONE',  ( -0.000000000000000000, -1.000000000000000000, -0.000000000000000000 ) ) ;
#1429 = ORIENTED_EDGE ( 'NONE', *, *, #978, .F. ) ;
#1430 = VERTEX_POINT ( 'NONE', #1720 ) ;
#1431 = PRESENTATION_LAYER_ASSIGNMENT (  '', '', ( #1700 ) ) ;
#1432 = DIRECTION ( 'NONE',  ( 1.000000000000000000, -1.927470528863115795E-15, 0.000000000000000000 ) ) ;
#1433 = CARTESIAN_POINT ( 'NONE',  ( 4.564999999999999503, 0.7000000000000011768, -2.614999999999999325 ) ) ;
#1434 = FACE_OUTER_BOUND ( 'NONE', #990, .T. ) ;
#1435 = EDGE_CURVE ( 'NONE', #2030, #1018, #1336, .T. ) ;
#1436 = LINE ( 'NONE', #2141, #2033 ) ;
#1437 = EDGE_LOOP ( 'NONE', ( #1924, #564, #1819, #987 ) ) ;
#1438 = PRESENTATION_LAYER_ASSIGNMENT (  '', '', ( #821 ) ) ;
#1439 = VECTOR ( 'NONE', #656, 1000.000000000000000 ) ;
#1440 = CARTESIAN_POINT ( 'NONE',  ( -5.647499999999998188, 2.250000000000001776, 1.084999999999999964 ) ) ;
#1441 = ORIENTED_EDGE ( 'NONE', *, *, #1448, .T. ) ;
#1442 = VECTOR ( 'NONE', #1944, 1000.000000000000000 ) ;
#1443 = ORIENTED_EDGE ( 'NONE', *, *, #574, .F. ) ;
#1444 = CARTESIAN_POINT ( 'NONE',  ( -5.647499999999998188, 1.800000000000003153, 1.084999999999999964 ) ) ;
#1445 = DIRECTION ( 'NONE',  ( -1.000000000000000000, 0.000000000000000000, 0.000000000000000000 ) ) ;
#1446 = CARTESIAN_POINT ( 'NONE',  ( -4.564999999999999503, 1.000000000000000666, -2.614999999999999325 ) ) ;
#1447 = ORIENTED_EDGE ( 'NONE', *, *, #187, .F. ) ;
#1448 = EDGE_CURVE ( 'NONE', #858, #2273, #2082, .T. ) ;
#1449 = DIRECTION ( 'NONE',  ( 1.000000000000000000, 1.927470528863119739E-15, 0.000000000000000000 ) ) ;
#1450 = ORIENTED_EDGE ( 'NONE', *, *, #2335, .T. ) ;
#1451 = VECTOR ( 'NONE', #235, 1000.000000000000000 ) ;
#1452 = ORIENTED_EDGE ( 'NONE', *, *, #2133, .T. ) ;
#1453 = CYLINDRICAL_SURFACE ( 'NONE', #1870, 0.6999999999999996225 ) ;
#1454 = VECTOR ( 'NONE', #2039, 1000.000000000000000 ) ;
#1455 = CARTESIAN_POINT ( 'NONE',  ( -5.947499999999998010, 1.800000000000003153, 1.084999999999999964 ) ) ;
#1456 = LINE ( 'NONE', #911, #2194 ) ;
#1457 = CARTESIAN_POINT ( 'NONE',  ( 3.564999999999999947, 1.000000000000002220, 0.7850000000000001421 ) ) ;
#1458 = AXIS2_PLACEMENT_3D ( 'NONE', #1328, #219, #1701 ) ;
#1459 = PLANE ( 'NONE',  #325 ) ;
#1460 = DIRECTION ( 'NONE',  ( -2.224004456380522396E-16, 1.000000000000000000, -0.000000000000000000 ) ) ;
#1461 = CARTESIAN_POINT ( 'NONE',  ( -3.564999999999999503, 0.7000000000000000666, -2.214999999999999414 ) ) ;
#1462 = DIRECTION ( 'NONE',  ( -1.927470528863115795E-15, 1.000000000000000000, 0.000000000000000000 ) ) ;
#1463 = VERTEX_POINT ( 'NONE', #1697 ) ;
#1464 = EDGE_CURVE ( 'NONE', #863, #2375, #330, .T. ) ;
#1465 = AXIS2_PLACEMENT_3D ( 'NONE', #1851, #771, #2202 ) ;
#1466 = VERTEX_POINT ( 'NONE', #75 ) ;
#1467 = FACE_OUTER_BOUND ( 'NONE', #274, .T. ) ;
#1468 = DIRECTION ( 'NONE',  ( 0.000000000000000000, -0.000000000000000000, -1.000000000000000000 ) ) ;
#1469 = PLANE ( 'NONE',  #1633 ) ;
#1470 = DIRECTION ( 'NONE',  ( 0.000000000000000000, -0.000000000000000000, 1.000000000000000000 ) ) ;
#1471 = LINE ( 'NONE', #1310, #1885 ) ;
#1472 = ORIENTED_EDGE ( 'NONE', *, *, #427, .T. ) ;
#1473 = EDGE_LOOP ( 'NONE', ( #1563, #336, #491, #236 ) ) ;
#1474 = COLOUR_RGB ( '',0.7921568627450980005, 0.8196078431372548767, 0.9333333333333333481 ) ;
#1475 = VECTOR ( 'NONE', #1292, 1000.000000000000000 ) ;
#1476 = ORIENTED_EDGE ( 'NONE', *, *, #1059, .F. ) ;
#1477 = ORIENTED_EDGE ( 'NONE', *, *, #709, .T. ) ;
#1478 = DIRECTION ( 'NONE',  ( -0.000000000000000000, -0.000000000000000000, 1.000000000000000000 ) ) ;
#1479 = ADVANCED_FACE ( 'NONE', ( #1516 ), #1904, .T. ) ;
#1480 = CARTESIAN_POINT ( 'NONE',  ( 7.349999999999998757, 12.70000000000000107, 1.185000000000000053 ) ) ;
#1481 = FACE_OUTER_BOUND ( 'NONE', #2396, .T. ) ;
#1482 = DIRECTION ( 'NONE',  ( 0.000000000000000000, 0.000000000000000000, 1.000000000000000000 ) ) ;
#1483 = LINE ( 'NONE', #570, #2303 ) ;
#1484 = VERTEX_POINT ( 'NONE', #982 ) ;
#1485 = DIRECTION ( 'NONE',  ( -0.000000000000000000, -1.000000000000000000, -0.000000000000000000 ) ) ;
#1486 = FACE_OUTER_BOUND ( 'NONE', #1900, .T. ) ;
#1487 = ORIENTED_EDGE ( 'NONE', *, *, #1046, .F. ) ;
#1488 = VECTOR ( 'NONE', #1372, 1000.000000000000000 ) ;
#1489 = ORIENTED_EDGE ( 'NONE', *, *, #1980, .F. ) ;
#1490 = CARTESIAN_POINT ( 'NONE',  ( -4.564999999999999503, 1.000000000000000666, -2.614999999999999325 ) ) ;
#1491 = VECTOR ( 'NONE', #426, 1000.000000000000000 ) ;
#1492 = CARTESIAN_POINT ( 'NONE',  ( -3.864999999999999769, 0.7000000000000000666, 1.185000000000000053 ) ) ;
#1493 = VECTOR ( 'NONE', #614, 1000.000000000000000 ) ;
#1494 = DIRECTION ( 'NONE',  ( -1.000000000000000000, 0.000000000000000000, 0.000000000000000000 ) ) ;
#1495 = ADVANCED_FACE ( 'NONE', ( #620 ), #1152, .F. ) ;
#1496 = DIRECTION ( 'NONE',  ( 0.000000000000000000, 1.000000000000000000, 0.000000000000000000 ) ) ;
#1497 = CARTESIAN_POINT ( 'NONE',  ( 5.197500000000000675, 2.550000000000002931, 1.185000000000000053 ) ) ;
#1498 = ORIENTED_EDGE ( 'NONE', *, *, #1856, .T. ) ;
#1499 = VECTOR ( 'NONE', #355, 1000.000000000000000 ) ;
#1500 =( NAMED_UNIT ( * ) SI_UNIT ( $, .STERADIAN. ) SOLID_ANGLE_UNIT ( ) );
#1501 = EDGE_LOOP ( 'NONE', ( #2020, #1061, #153, #1023 ) ) ;
#1502 = EDGE_LOOP ( 'NONE', ( #755, #1351, #1035, #999 ) ) ;
#1503 = ORIENTED_EDGE ( 'NONE', *, *, #1769, .F. ) ;
#1504 = DIRECTION ( 'NONE',  ( 0.000000000000000000, 0.000000000000000000, -1.000000000000000000 ) ) ;
#1505 = DIRECTION ( 'NONE',  ( 0.000000000000000000, 1.000000000000000000, 0.000000000000000000 ) ) ;
#1506 = UNCERTAINTY_MEASURE_WITH_UNIT (LENGTH_MEASURE( 1.000000000000000082E-05 ), #2148, 'distance_accuracy_value', 'NONE');
#1507 = DIRECTION ( 'NONE',  ( 1.180083997263133724E-16, -1.000000000000000000, 0.000000000000000000 ) ) ;
#1508 = CARTESIAN_POINT ( 'NONE',  ( -5.947499999999998010, 3.000000000000002665, 1.084999999999999964 ) ) ;
#1509 = DIRECTION ( 'NONE',  ( 1.000000000000000000, 1.180083997263133724E-16, 0.000000000000000000 ) ) ;
#1510 = LINE ( 'NONE', #2248, #788 ) ;
#1511 = EDGE_CURVE ( 'NONE', #1333, #1050, #1895, .T. ) ;
#1512 = DIRECTION ( 'NONE',  ( 0.000000000000000000, 0.000000000000000000, 1.000000000000000000 ) ) ;
#1513 = ORIENTED_EDGE ( 'NONE', *, *, #2392, .F. ) ;
#1514 = VERTEX_POINT ( 'NONE', #816 ) ;
#1515 = CARTESIAN_POINT ( 'NONE',  ( -5.647499999999999076, 3.000000000000002665, 1.185000000000000053 ) ) ;
#1516 = FACE_OUTER_BOUND ( 'NONE', #1020, .T. ) ;
#1517 = DIRECTION ( 'NONE',  ( 0.000000000000000000, 1.000000000000000000, 0.000000000000000000 ) ) ;
#1518 = DIRECTION ( 'NONE',  ( 0.000000000000000000, 0.000000000000000000, 1.000000000000000000 ) ) ;
#1519 = DIRECTION ( 'NONE',  ( 1.000000000000000000, 1.180083997263133724E-16, 0.000000000000000000 ) ) ;
#1520 = VERTEX_POINT ( 'NONE', #783 ) ;
#1521 = EDGE_CURVE ( 'NONE', #652, #892, #226, .T. ) ;
#1522 = EDGE_CURVE ( 'NONE', #1767, #469, #63, .T. ) ;
#1523 = ORIENTED_EDGE ( 'NONE', *, *, #486, .F. ) ;
#1524 = LINE ( 'NONE', #931, #1975 ) ;
#1525 = DIRECTION ( 'NONE',  ( 0.000000000000000000, 1.000000000000000000, 0.000000000000000000 ) ) ;
#1526 = CARTESIAN_POINT ( 'NONE',  ( -5.647499999999998188, 1.800000000000003153, 1.084999999999999964 ) ) ;
#1527 = AXIS2_PLACEMENT_3D ( 'NONE', #527, #162, #1284 ) ;
#1528 = DIRECTION ( 'NONE',  ( 0.000000000000000000, 1.000000000000000000, 0.000000000000000000 ) ) ;
#1529 = DIRECTION ( 'NONE',  ( 1.000000000000000000, -1.927470528863115795E-15, 0.000000000000000000 ) ) ;
#1530 = EDGE_LOOP ( 'NONE', ( #1623, #224 ) ) ;
#1531 = AXIS2_PLACEMENT_3D ( 'NONE', #569, #32, #378 ) ;
#1532 = ADVANCED_FACE ( 'NONE', ( #266 ), #1743, .T. ) ;
#1533 = EDGE_LOOP ( 'NONE', ( #1808, #561 ) ) ;
#1534 = CARTESIAN_POINT ( 'NONE',  ( -6.397499999999999076, 2.550000000000002931, 1.084999999999999964 ) ) ;
#1535 = EDGE_CURVE ( 'NONE', #479, #1995, #1567, .T. ) ;
#1536 = EDGE_CURVE ( 'NONE', #1134, #1995, #515, .T. ) ;
#1537 = CARTESIAN_POINT ( 'NONE',  ( 4.164999999999999147, 0.000000000000000000, 0.7850000000000001421 ) ) ;
#1538 = LINE ( 'NONE', #2288, #2087 ) ;
#1539 = PLANE ( 'NONE',  #1067 ) ;
#1540 = VERTEX_POINT ( 'NONE', #462 ) ;
#1541 = PRESENTATION_STYLE_ASSIGNMENT (( #796 ) ) ;
#1542 = EDGE_CURVE ( 'NONE', #163, #449, #1755, .T. ) ;
#1543 = CARTESIAN_POINT ( 'NONE',  ( 7.349999999999998757, 12.70000000000000107, -2.614999999999999769 ) ) ;
#1544 = CARTESIAN_POINT ( 'NONE',  ( -5.947499999999998010, 3.000000000000002665, 1.185000000000000053 ) ) ;
#1545 = VERTEX_POINT ( 'NONE', #1057 ) ;
#1546 = AXIS2_PLACEMENT_3D ( 'NONE', #112, #1218, #1228 ) ;
#1547 = ORIENTED_EDGE ( 'NONE', *, *, #1113, .T. ) ;
#1548 = DIRECTION ( 'NONE',  ( -1.000000000000000000, 0.000000000000000000, 0.000000000000000000 ) ) ;
#1549 = VECTOR ( 'NONE', #1195, 1000.000000000000000 ) ;
#1550 = ORIENTED_EDGE ( 'NONE', *, *, #436, .F. ) ;
#1551 = CARTESIAN_POINT ( 'NONE',  ( -5.947499999999998010, 1.800000000000003153, 1.185000000000000053 ) ) ;
#1552 = MECHANICAL_DESIGN_GEOMETRIC_PRESENTATION_REPRESENTATION (  '', ( #1407 ), #743 ) ;
#1553 = LINE ( 'NONE', #1745, #1549 ) ;
#1554 = DIRECTION ( 'NONE',  ( 1.000000000000000000, 0.000000000000000000, 0.000000000000000000 ) ) ;
#1555 = VECTOR ( 'NONE', #1797, 1000.000000000000000 ) ;
#1556 = EDGE_CURVE ( 'NONE', #2334, #1865, #558, .T. ) ;
#1557 = AXIS2_PLACEMENT_3D ( 'NONE', #1787, #1267, #693 ) ;
#1558 = DIRECTION ( 'NONE',  ( -0.000000000000000000, 1.000000000000000000, 0.000000000000000000 ) ) ;
#1559 = VECTOR ( 'NONE', #745, 1000.000000000000000 ) ;
#1560 = SURFACE_STYLE_FILL_AREA ( #1157 ) ;
#1561 = MECHANICAL_DESIGN_GEOMETRIC_PRESENTATION_REPRESENTATION (  '', ( #630 ), #1127 ) ;
#1562 = CARTESIAN_POINT ( 'NONE',  ( -6.397499999999999076, 2.550000000000002931, 1.084999999999999964 ) ) ;
#1563 = ORIENTED_EDGE ( 'NONE', *, *, #2239, .T. ) ;
#1564 = ORIENTED_EDGE ( 'NONE', *, *, #1760, .T. ) ;
#1565 = CARTESIAN_POINT ( 'NONE',  ( 4.164999999999999147, 1.000000000000001776, 1.185000000000000053 ) ) ;
#1566 = EDGE_CURVE ( 'NONE', #481, #969, #2298, .T. ) ;
#1567 = LINE ( 'NONE', #1326, #1307 ) ;
#1568 = CARTESIAN_POINT ( 'NONE',  ( 3.864999999999999769, 0.6999999999999991784, -2.214999999999999414 ) ) ;
#1569 = DIRECTION ( 'NONE',  ( 1.180083997263133971E-16, -1.000000000000000000, 0.000000000000000000 ) ) ;
#1570 = AXIS2_PLACEMENT_3D ( 'NONE', #1775, #115, #93 ) ;
#1571 = DIRECTION ( 'NONE',  ( 0.000000000000000000, -0.000000000000000000, -1.000000000000000000 ) ) ;
#1572 = EDGE_CURVE ( 'NONE', #1018, #121, #1012, .T. ) ;
#1573 = DIRECTION ( 'NONE',  ( -1.180083997263133971E-16, 1.000000000000000000, -0.000000000000000000 ) ) ;
#1574 = AXIS2_PLACEMENT_3D ( 'NONE', #2309, #616, #434 ) ;
#1575 = LINE ( 'NONE', #2278, #946 ) ;
#1576 = VERTEX_POINT ( 'NONE', #1647 ) ;
#1577 = VECTOR ( 'NONE', #857, 1000.000000000000000 ) ;
#1578 = ORIENTED_EDGE ( 'NONE', *, *, #1029, .F. ) ;
#1579 = CARTESIAN_POINT ( 'NONE',  ( -7.350000000000002309, 11.19999999999999929, -2.614999999999999769 ) ) ;
#1580 = LINE ( 'NONE', #281, #290 ) ;
#1581 = PLANE ( 'NONE',  #1546 ) ;
#1582 = DIRECTION ( 'NONE',  ( 1.180083997263133971E-16, -1.000000000000000000, 0.000000000000000000 ) ) ;
#1583 = CARTESIAN_POINT ( 'NONE',  ( -5.392499999999999183, -11.69999999999999929, 4.959819536546776286E-17 ) ) ;
#1584 = DIRECTION ( 'NONE',  ( -1.000000000000000000, 1.927470528863115795E-15, -0.000000000000000000 ) ) ;
#1585 = ORIENTED_EDGE ( 'NONE', *, *, #1542, .F. ) ;
#1586 = EDGE_CURVE ( 'NONE', #1989, #390, #836, .T. ) ;
#1587 = ORIENTED_EDGE ( 'NONE', *, *, #2201, .F. ) ;
#1588 = VERTEX_POINT ( 'NONE', #657 ) ;
#1589 = LINE ( 'NONE', #2326, #2320 ) ;
#1590 = PRESENTATION_LAYER_ASSIGNMENT (  '', '', ( #1407 ) ) ;
#1591 = VECTOR ( 'NONE', #1394, 1000.000000000000000 ) ;
#1592 = VECTOR ( 'NONE', #1961, 1000.000000000000000 ) ;
#1593 = AXIS2_PLACEMENT_3D ( 'NONE', #1161, #1120, #580 ) ;
#1594 = FACE_OUTER_BOUND ( 'NONE', #1390, .T. ) ;
#1595 = DIRECTION ( 'NONE',  ( 1.000000000000000000, 1.180083997263133724E-16, 0.000000000000000000 ) ) ;
#1596 = ORIENTED_EDGE ( 'NONE', *, *, #1396, .F. ) ;
#1597 = COLOUR_RGB ( '',1.000000000000000000, 1.000000000000000000, 1.000000000000000000 ) ;
#1598 = EDGE_LOOP ( 'NONE', ( #2032, #1758, #1621, #703 ) ) ;
#1599 = EDGE_CURVE ( 'NONE', #1865, #210, #2195, .T. ) ;
#1600 = EDGE_LOOP ( 'NONE', ( #2022, #2198, #1796, #151 ) ) ;
#1601 = CARTESIAN_POINT ( 'NONE',  ( 1.932500000000000551, -11.69999999999999751, 0.000000000000000000 ) ) ;
#1602 = DIRECTION ( 'NONE',  ( 1.180083997263133971E-16, -1.000000000000000000, 0.000000000000000000 ) ) ;
#1603 = SURFACE_SIDE_STYLE ('',( #2159 ) ) ;
#1604 = DIRECTION ( 'NONE',  ( 1.000000000000000000, 0.000000000000000000, 0.000000000000000000 ) ) ;
#1605 = DIRECTION ( 'NONE',  ( 1.000000000000000000, 1.180083997263133724E-16, 0.000000000000000000 ) ) ;
#1606 = ORIENTED_EDGE ( 'NONE', *, *, #653, .T. ) ;
#1607 = AXIS2_PLACEMENT_3D ( 'NONE', #1248, #141, #351 ) ;
#1608 = CIRCLE ( 'NONE', #2180, 0.4049999999999999711 ) ;
#1609 = EDGE_LOOP ( 'NONE', ( #2332, #1740, #815, #959 ) ) ;
#1610 = ADVANCED_FACE ( 'NONE', ( #2379 ), #699, .F. ) ;
#1611 = ORIENTED_EDGE ( 'NONE', *, *, #74, .F. ) ;
#1612 = PLANE ( 'NONE',  #276 ) ;
#1613 = EDGE_CURVE ( 'NONE', #812, #1430, #1580, .T. ) ;
#1614 = EDGE_CURVE ( 'NONE', #1818, #2236, #1635, .T. ) ;
#1615 = FILL_AREA_STYLE_COLOUR ( '', #85 ) ;
#1616 = DIRECTION ( 'NONE',  ( 0.000000000000000000, -1.000000000000000000, 0.000000000000000000 ) ) ;
#1617 = CARTESIAN_POINT ( 'NONE',  ( 7.350000000000001421, 1.000000000000002665, -2.614999999999999769 ) ) ;
#1618 = EDGE_CURVE ( 'NONE', #1782, #552, #502, .T. ) ;
#1619 = EDGE_LOOP ( 'NONE', ( #618, #1348, #1660, #2170, #362, #754, #2100, #943, #1503, #953, #1249, #1447 ) ) ;
#1620 = DIRECTION ( 'NONE',  ( -1.000000000000000000, -1.314184451497581259E-16, 0.000000000000000000 ) ) ;
#1621 = ORIENTED_EDGE ( 'NONE', *, *, #1937, .F. ) ;
#1622 = ADVANCED_FACE ( 'NONE', ( #1938 ), #894, .T. ) ;
#1623 = ORIENTED_EDGE ( 'NONE', *, *, #1980, .T. ) ;
#1624 = ORIENTED_EDGE ( 'NONE', *, *, #1769, .T. ) ;
#1625 = FACE_OUTER_BOUND ( 'NONE', #1373, .T. ) ;
#1626 = CARTESIAN_POINT ( 'NONE',  ( 3.564999999999999947, 0.000000000000000000, -2.614999999999999769 ) ) ;
#1627 = SURFACE_STYLE_USAGE ( .BOTH. , #865 ) ;
#1628 = AXIS2_PLACEMENT_3D ( 'NONE', #89, #635, #289 ) ;
#1629 = EDGE_CURVE ( 'NONE', #1313, #2054, #882, .T. ) ;
#1630 = DIRECTION ( 'NONE',  ( 0.000000000000000000, -0.000000000000000000, -1.000000000000000000 ) ) ;
#1631 = CARTESIAN_POINT ( 'NONE',  ( 2.337500000000000799, -11.69999999999999751, 4.959819536546792310E-17 ) ) ;
#1632 = ORIENTED_EDGE ( 'NONE', *, *, #757, .F. ) ;
#1633 = AXIS2_PLACEMENT_3D ( 'NONE', #2026, #2203, #760 ) ;
#1634 = VECTOR ( 'NONE', #1051, 1000.000000000000000 ) ;
#1635 = LINE ( 'NONE', #2313, #2179 ) ;
#1636 = EDGE_LOOP ( 'NONE', ( #1872, #1036, #631, #1843 ) ) ;
#1637 = ORIENTED_EDGE ( 'NONE', *, *, #1135, .F. ) ;
#1638 = EDGE_CURVE ( 'NONE', #715, #178, #950, .T. ) ;
#1639 = CARTESIAN_POINT ( 'NONE',  ( -6.397499999999999076, 2.550000000000002931, 1.185000000000000053 ) ) ;
#1640 = CARTESIAN_POINT ( 'NONE',  ( -6.397499999999999076, 2.250000000000002665, 1.084999999999999964 ) ) ;
#1641 = CARTESIAN_POINT ( 'NONE',  ( -5.647499999999998188, 2.550000000000002043, 1.084999999999999964 ) ) ;
#1642 = CARTESIAN_POINT ( 'NONE',  ( 3.165000000000000036, 1.000000000000001776, 0.7850000000000001421 ) ) ;
#1643 = DIRECTION ( 'NONE',  ( -0.000000000000000000, 1.000000000000000000, 0.000000000000000000 ) ) ;
#1644 = ADVANCED_FACE ( 'NONE', ( #150 ), #726, .T. ) ;
#1645 = DIRECTION ( 'NONE',  ( 1.000000000000000000, 0.000000000000000000, 0.000000000000000000 ) ) ;
#1646 = EDGE_LOOP ( 'NONE', ( #2366, #675, #689, #1791 ) ) ;
#1647 = CARTESIAN_POINT ( 'NONE',  ( 5.392499999999997407, -11.69999999999999751, 0.000000000000000000 ) ) ;
#1648 = ORIENTED_EDGE ( 'NONE', *, *, #1556, .T. ) ;
#1649 = VECTOR ( 'NONE', #446, 1000.000000000000000 ) ;
#1650 = CARTESIAN_POINT ( 'NONE',  ( 4.164999999999999147, 0.7000000000000011768, -2.214999999999999414 ) ) ;
#1651 = DIRECTION ( 'NONE',  ( 1.000000000000000000, 0.000000000000000000, 0.000000000000000000 ) ) ;
#1652 = VECTOR ( 'NONE', #2117, 1000.000000000000000 ) ;
#1653 = CARTESIAN_POINT ( 'NONE',  ( 3.564999999999999947, 1.000000000000002220, -2.614999999999999769 ) ) ;
#1654 = DIRECTION ( 'NONE',  ( 1.180083997263133971E-16, -1.000000000000000000, 0.000000000000000000 ) ) ;
#1655 = ORIENTED_EDGE ( 'NONE', *, *, #170, .T. ) ;
#1656 = DIRECTION ( 'NONE',  ( 0.000000000000000000, -1.000000000000000000, 0.000000000000000000 ) ) ;
#1657 = ORIENTED_EDGE ( 'NONE', *, *, #499, .F. ) ;
#1658 = EDGE_CURVE ( 'NONE', #1050, #920, #906, .T. ) ;
#1659 = EDGE_LOOP ( 'NONE', ( #1319, #1312, #468, #880 ) ) ;
#1660 = ORIENTED_EDGE ( 'NONE', *, *, #249, .F. ) ;
#1661 = LINE ( 'NONE', #793, #2251 ) ;
#1662 = CARTESIAN_POINT ( 'NONE',  ( -5.947499999999998010, 2.250000000000001776, 1.185000000000000053 ) ) ;
#1663 = DIRECTION ( 'NONE',  ( -1.000000000000000000, -1.927470528863119739E-15, -0.000000000000000000 ) ) ;
#1664 = EDGE_CURVE ( 'NONE', #1588, #501, #1844, .T. ) ;
#1665 = LINE ( 'NONE', #1703, #1063 ) ;
#1666 = VERTEX_POINT ( 'NONE', #645 ) ;
#1667 = VERTEX_POINT ( 'NONE', #1393 ) ;
#1668 = MECHANICAL_DESIGN_GEOMETRIC_PRESENTATION_REPRESENTATION (  '', ( #1165 ), #1788 ) ;
#1669 = VECTOR ( 'NONE', #385, 1000.000000000000000 ) ;
#1670 = TOROIDAL_SURFACE ( 'NONE', #629, 0.2999999999999998779, 0.4000000000000000222 ) ;
#1671 = ORIENTED_EDGE ( 'NONE', *, *, #1618, .F. ) ;
#1672 = ADVANCED_FACE ( 'NONE', ( #1486 ), #1706, .T. ) ;
#1673 = ORIENTED_EDGE ( 'NONE', *, *, #103, .F. ) ;
#1674 = CARTESIAN_POINT ( 'NONE',  ( -5.647499999999999076, 3.000000000000002665, 1.084999999999999964 ) ) ;
#1675 = AXIS2_PLACEMENT_3D ( 'NONE', #467, #444, #661 ) ;
#1676 = DIRECTION ( 'NONE',  ( -0.000000000000000000, -0.000000000000000000, 1.000000000000000000 ) ) ;
#1677 = CARTESIAN_POINT ( 'NONE',  ( -6.202500000000000568, 1.000000000000001110, 0.000000000000000000 ) ) ;
#1678 = CARTESIAN_POINT ( 'NONE',  ( 4.164999999999999147, 0.7000000000000011768, -2.614999999999999769 ) ) ;
#1679 = ORIENTED_EDGE ( 'NONE', *, *, #337, .T. ) ;
#1680 = LINE ( 'NONE', #955, #1451 ) ;
#1681 = ORIENTED_EDGE ( 'NONE', *, *, #957, .F. ) ;
#1682 = AXIS2_PLACEMENT_3D ( 'NONE', #1813, #1987, #1470 ) ;
#1683 = ORIENTED_EDGE ( 'NONE', *, *, #1522, .F. ) ;
#1684 = DIRECTION ( 'NONE',  ( 8.503546450866702047E-17, -1.000000000000000000, 0.000000000000000000 ) ) ;
#1685 = AXIS2_PLACEMENT_3D ( 'NONE', #1732, #240, #1378 ) ;
#1686 = CARTESIAN_POINT ( 'NONE',  ( -5.197499999999998010, 2.550000000000002931, 1.084999999999999964 ) ) ;
#1687 = VECTOR ( 'NONE', #1529, 1000.000000000000000 ) ;
#1688 = CARTESIAN_POINT ( 'NONE',  ( 3.564999999999999947, 1.000000000000002220, -2.214999999999999414 ) ) ;
#1689 = ADVANCED_FACE ( 'NONE', ( #185, #1899, #1322 ), #563, .F. ) ;
#1690 = CARTESIAN_POINT ( 'NONE',  ( 1.932499999999998996, 1.000000000000001998, 0.000000000000000000 ) ) ;
#1691 = DIRECTION ( 'NONE',  ( 0.000000000000000000, 0.000000000000000000, 1.000000000000000000 ) ) ;
#1692 = ORIENTED_EDGE ( 'NONE', *, *, #2220, .T. ) ;
#1693 =( NAMED_UNIT ( * ) PLANE_ANGLE_UNIT ( ) SI_UNIT ( $, .RADIAN. ) );
#1694 = ORIENTED_EDGE ( 'NONE', *, *, #1816, .T. ) ;
#1695 = ORIENTED_EDGE ( 'NONE', *, *, #495, .T. ) ;
#1696 = CARTESIAN_POINT ( 'NONE',  ( 4.564999999999999503, 1.000000000000001776, -2.214999999999999414 ) ) ;
#1697 = CARTESIAN_POINT ( 'NONE',  ( 6.397500000000000853, 2.550000000000002931, 1.185000000000000053 ) ) ;
#1698 = CARTESIAN_POINT ( 'NONE',  ( -5.947499999999998010, 1.800000000000003153, 1.084999999999999964 ) ) ;
#1699 = UNCERTAINTY_MEASURE_WITH_UNIT (LENGTH_MEASURE( 1.000000000000000082E-05 ), #2066, 'distance_accuracy_value', 'NONE');
#1700 = STYLED_ITEM ( 'NONE', ( #1158 ), #577 ) ;
#1701 = DIRECTION ( 'NONE',  ( 1.000000000000000000, 0.000000000000000000, 0.000000000000000000 ) ) ;
#1702 = EDGE_CURVE ( 'NONE', #1421, #178, #1116, .T. ) ;
#1703 = CARTESIAN_POINT ( 'NONE',  ( 4.564999999999999503, 1.000000000000001776, -2.614999999999999325 ) ) ;
#1704 = AXIS2_PLACEMENT_3D ( 'NONE', #453, #1414, #282 ) ;
#1705 = EDGE_CURVE ( 'NONE', #1818, #1094, #1680, .T. ) ;
#1706 = PLANE ( 'NONE',  #135 ) ;
#1707 = ORIENTED_EDGE ( 'NONE', *, *, #1291, .F. ) ;
#1708 = EDGE_LOOP ( 'NONE', ( #578, #1768, #1487, #1441 ) ) ;
#1709 = PLANE ( 'NONE',  #1593 ) ;
#1710 = VECTOR ( 'NONE', #1208, 1000.000000000000000 ) ;
#1711 = CARTESIAN_POINT ( 'NONE',  ( -5.947499999999998010, 1.800000000000003153, 1.084999999999999964 ) ) ;
#1712 = CARTESIAN_POINT ( 'NONE',  ( -5.647499999999998188, 2.250000000000001776, 1.185000000000000053 ) ) ;
#1713 = DIRECTION ( 'NONE',  ( 0.000000000000000000, 0.000000000000000000, -1.000000000000000000 ) ) ;
#1714 = FACE_OUTER_BOUND ( 'NONE', #2333, .T. ) ;
#1715 = EDGE_CURVE ( 'NONE', #979, #1835, #36, .T. ) ;
#1716 = ORIENTED_EDGE ( 'NONE', *, *, #1046, .T. ) ;
#1717 = ADVANCED_FACE ( 'NONE', ( #48 ), #777, .F. ) ;
#1718 = EDGE_LOOP ( 'NONE', ( #1374, #2086, #165, #664 ) ) ;
#1719 = DIRECTION ( 'NONE',  ( 8.503546450866702047E-17, -1.000000000000000000, 0.000000000000000000 ) ) ;
#1720 = CARTESIAN_POINT ( 'NONE',  ( -4.164999999999999147, 1.000000000000001332, -2.614999999999999769 ) ) ;
#1721 = CARTESIAN_POINT ( 'NONE',  ( -5.392500000000000959, 1.000000000000001110, 4.959819536546772588E-17 ) ) ;
#1722 = ADVANCED_BREP_SHAPE_REPRESENTATION ( 'KBP2010', ( #2161, #572, #2200, #599, #2204, #577, #565, #1785 ), #1866 ) ;
#1723 = AXIS2_PLACEMENT_3D ( 'NONE', #339, #2153, #322 ) ;
#1724 = LINE ( 'NONE', #1220, #648 ) ;
#1725 = CARTESIAN_POINT ( 'NONE',  ( -5.797499999999998543, -11.69999999999999929, 0.000000000000000000 ) ) ;
#1726 = EDGE_CURVE ( 'NONE', #914, #1736, #1105, .T. ) ;
#1727 = CARTESIAN_POINT ( 'NONE',  ( 7.350000000000001421, 1.000000000000002665, -2.614999999999999769 ) ) ;
#1728 = ORIENTED_EDGE ( 'NONE', *, *, #1448, .F. ) ;
#1729 = EDGE_LOOP ( 'NONE', ( #2007, #596 ) ) ;
#1730 = CARTESIAN_POINT ( 'NONE',  ( 4.164999999999999147, 0.7000000000000011768, 1.185000000000000053 ) ) ;
#1731 = EDGE_CURVE ( 'NONE', #1055, #1466, #382, .T. ) ;
#1732 = CARTESIAN_POINT ( 'NONE',  ( -5.947499999999998010, 3.000000000000002665, 1.084999999999999964 ) ) ;
#1733 = DIRECTION ( 'NONE',  ( -1.000000000000000000, -0.000000000000000000, -0.000000000000000000 ) ) ;
#1734 = CARTESIAN_POINT ( 'NONE',  ( 4.164999999999999147, 1.000000000000001776, -2.214999999999999414 ) ) ;
#1735 = LINE ( 'NONE', #1015, #1954 ) ;
#1736 = VERTEX_POINT ( 'NONE', #1300 ) ;
#1737 = CARTESIAN_POINT ( 'NONE',  ( -5.647499999999998188, 1.800000000000003153, 1.185000000000000053 ) ) ;
#1738 =( LENGTH_UNIT ( ) NAMED_UNIT ( * ) SI_UNIT ( .MILLI., .METRE. ) );
#1739 = ADVANCED_FACE ( 'NONE', ( #1147 ), #1891, .F. ) ;
#1740 = ORIENTED_EDGE ( 'NONE', *, *, #1572, .F. ) ;
#1741 = ORIENTED_EDGE ( 'NONE', *, *, #2197, .F. ) ;
#1742 = CARTESIAN_POINT ( 'NONE',  ( -1.932500000000000773, 1.000000000000001554, 0.000000000000000000 ) ) ;
#1743 = CYLINDRICAL_SURFACE ( 'NONE', #1261, 0.4049999999999995270 ) ;
#1744 = AXIS2_PLACEMENT_3D ( 'NONE', #2229, #2060, #2385 ) ;
#1745 = CARTESIAN_POINT ( 'NONE',  ( -6.397499999999999076, 2.550000000000002931, 1.084999999999999964 ) ) ;
#1746 =( NAMED_UNIT ( * ) PLANE_ANGLE_UNIT ( ) SI_UNIT ( $, .RADIAN. ) );
#1747 = VECTOR ( 'NONE', #2211, 1000.000000000000000 ) ;
#1748 = LINE ( 'NONE', #91, #1392 ) ;
#1749 = VERTEX_POINT ( 'NONE', #1544 ) ;
#1750 = CARTESIAN_POINT ( 'NONE',  ( -4.564999999999999503, 1.000000000000000666, -2.214999999999999414 ) ) ;
#1751 = CARTESIAN_POINT ( 'NONE',  ( -5.947499999999998010, 1.800000000000003153, 1.185000000000000053 ) ) ;
#1752 = EDGE_LOOP ( 'NONE', ( #1879, #1130, #606, #1202, #1186, #277, #1564, #1224, #1302, #2023, #1358, #741, #1323 ) ) ;
#1753 = ORIENTED_EDGE ( 'NONE', *, *, #308, .T. ) ;
#1754 = LINE ( 'NONE', #62, #1439 ) ;
#1755 = LINE ( 'NONE', #2168, #1990 ) ;
#1756 = FACE_OUTER_BOUND ( 'NONE', #667, .T. ) ;
#1757 = DIRECTION ( 'NONE',  ( 0.000000000000000000, 0.000000000000000000, -1.000000000000000000 ) ) ;
#1758 = ORIENTED_EDGE ( 'NONE', *, *, #145, .T. ) ;
#1759 = DIRECTION ( 'NONE',  ( -1.180083997263133971E-16, 1.000000000000000000, -0.000000000000000000 ) ) ;
#1760 = EDGE_CURVE ( 'NONE', #178, #538, #211, .T. ) ;
#1761 = EDGE_CURVE ( 'NONE', #396, #2088, #1173, .T. ) ;
#1762 = VECTOR ( 'NONE', #1460, 1000.000000000000000 ) ;
#1763 = CARTESIAN_POINT ( 'NONE',  ( -5.647499999999998188, 1.800000000000003153, 1.084999999999999964 ) ) ;
#1764 = ORIENTED_EDGE ( 'NONE', *, *, #1761, .F. ) ;
#1765 = VECTOR ( 'NONE', #1398, 1000.000000000000000 ) ;
#1766 = VECTOR ( 'NONE', #1482, 1000.000000000000000 ) ;
#1767 = VERTEX_POINT ( 'NONE', #246 ) ;
#1768 = ORIENTED_EDGE ( 'NONE', *, *, #947, .F. ) ;
#1769 = EDGE_CURVE ( 'NONE', #505, #1520, #810, .T. ) ;
#1770 = DIRECTION ( 'NONE',  ( 0.000000000000000000, -0.000000000000000000, -1.000000000000000000 ) ) ;
#1771 =( NAMED_UNIT ( * ) PLANE_ANGLE_UNIT ( ) SI_UNIT ( $, .RADIAN. ) );
#1772 = PLANE ( 'NONE',  #2227 ) ;
#1773 = DIRECTION ( 'NONE',  ( -1.180083997263133971E-16, 1.000000000000000000, -0.000000000000000000 ) ) ;
#1774 = VECTOR ( 'NONE', #345, 1000.000000000000000 ) ;
#1775 = CARTESIAN_POINT ( 'NONE',  ( -3.564999999999999503, 0.000000000000000000, 0.7850000000000001421 ) ) ;
#1776 = EDGE_CURVE ( 'NONE', #1967, #738, #1185, .T. ) ;
#1777 = LINE ( 'NONE', #116, #1577 ) ;
#1778 = ORIENTED_EDGE ( 'NONE', *, *, #1299, .F. ) ;
#1779 = EDGE_CURVE ( 'NONE', #197, #914, #139, .T. ) ;
#1780 = EDGE_LOOP ( 'NONE', ( #435, #835 ) ) ;
#1781 = CLOSED_SHELL ( 'NONE', ( #2138, #1532, #594, #484 ) ) ;
#1782 = VERTEX_POINT ( 'NONE', #1631 ) ;
#1783 = ORIENTED_EDGE ( 'NONE', *, *, #495, .F. ) ;
#1784 = CARTESIAN_POINT ( 'NONE',  ( 7.349999999999998757, 12.70000000000000107, 1.185000000000000053 ) ) ;
#1785 = AXIS2_PLACEMENT_3D ( 'NONE', #303, #691, #1219 ) ;
#1786 = CARTESIAN_POINT ( 'NONE',  ( -1.932499999999999218, -11.69999999999999929, 0.000000000000000000 ) ) ;
#1787 = CARTESIAN_POINT ( 'NONE',  ( 6.397500000000000853, 2.250000000000002220, 1.084999999999999964 ) ) ;
#1788 =( GEOMETRIC_REPRESENTATION_CONTEXT ( 3 ) GLOBAL_UNCERTAINTY_ASSIGNED_CONTEXT ( ( #1141 ) ) GLOBAL_UNIT_ASSIGNED_CONTEXT ( ( #660, #1066, #475 ) ) REPRESENTATION_CONTEXT ( 'NONE', 'WORKASPACE' ) );
#1789 = CARTESIAN_POINT ( 'NONE',  ( 3.864999999999999769, 0.6999999999999991784, -2.614999999999999325 ) ) ;
#1790 = CARTESIAN_POINT ( 'NONE',  ( -5.197499999999998010, 2.550000000000002931, 1.084999999999999964 ) ) ;
#1791 = ORIENTED_EDGE ( 'NONE', *, *, #1364, .T. ) ;
#1792 = ADVANCED_FACE ( 'NONE', ( #1270 ), #1814, .F. ) ;
#1793 = EDGE_CURVE ( 'NONE', #1217, #61, #1436, .T. ) ;
#1794 = VERTEX_POINT ( 'NONE', #2151 ) ;
#1795 = ADVANCED_FACE ( 'NONE', ( #1977 ), #1233, .T. ) ;
#1796 = ORIENTED_EDGE ( 'NONE', *, *, #337, .F. ) ;
#1797 = DIRECTION ( 'NONE',  ( -1.000000000000000000, -0.000000000000000000, -0.000000000000000000 ) ) ;
#1798 = CARTESIAN_POINT ( 'NONE',  ( -5.947499999999998010, 2.250000000000001776, 1.185000000000000053 ) ) ;
#1799 = AXIS2_PLACEMENT_3D ( 'NONE', #347, #1053, #2386 ) ;
#1800 = PLANE ( 'NONE',  #206 ) ;
#1801 = ADVANCED_FACE ( 'NONE', ( #297 ), #868, .F. ) ;
#1802 = DIRECTION ( 'NONE',  ( 0.000000000000000000, 0.000000000000000000, 1.000000000000000000 ) ) ;
#1803 = ORIENTED_EDGE ( 'NONE', *, *, #1299, .T. ) ;
#1804 = AXIS2_PLACEMENT_3D ( 'NONE', #2354, #1092, #713 ) ;
#1805 = AXIS2_PLACEMENT_3D ( 'NONE', #966, #1654, #2217 ) ;
#1806 = DIRECTION ( 'NONE',  ( -0.000000000000000000, 1.000000000000000000, -0.000000000000000000 ) ) ;
#1807 = VERTEX_POINT ( 'NONE', #2192 ) ;
#1808 = ORIENTED_EDGE ( 'NONE', *, *, #1014, .T. ) ;
#1809 = EDGE_CURVE ( 'NONE', #396, #2225, #320, .T. ) ;
#1810 = AXIS2_PLACEMENT_3D ( 'NONE', #2328, #1582, #66 ) ;
#1811 = CARTESIAN_POINT ( 'NONE',  ( -5.947499999999998010, 3.000000000000002665, 1.084999999999999964 ) ) ;
#1812 = DIRECTION ( 'NONE',  ( 0.000000000000000000, -0.000000000000000000, -1.000000000000000000 ) ) ;
#1813 = CARTESIAN_POINT ( 'NONE',  ( 5.197500000000000675, 2.550000000000002931, 1.084999999999999964 ) ) ;
#1814 = PLANE ( 'NONE',  #604 ) ;
#1815 = ORIENTED_EDGE ( 'NONE', *, *, #947, .T. ) ;
#1816 = EDGE_CURVE ( 'NONE', #929, #469, #1069, .T. ) ;
#1817 = DIRECTION ( 'NONE',  ( 0.000000000000000000, 0.000000000000000000, 1.000000000000000000 ) ) ;
#1818 = VERTEX_POINT ( 'NONE', #1790 ) ;
#1819 = ORIENTED_EDGE ( 'NONE', *, *, #1291, .T. ) ;
#1820 = ORIENTED_EDGE ( 'NONE', *, *, #2123, .T. ) ;
#1821 = CLOSED_SHELL ( 'NONE', ( #2041, #1162, #917, #2347, #2290, #1387, #18, #740, #2028, #1644, #1423, #1479, #244, #809 ) ) ;
#1822 = LINE ( 'NONE', #1811, #1555 ) ;
#1823 = EDGE_CURVE ( 'NONE', #1073, #1106, #535, .T. ) ;
#1824 = CARTESIAN_POINT ( 'NONE',  ( -7.350000000000002309, 11.19999999999999929, -2.614999999999999769 ) ) ;
#1825 = CARTESIAN_POINT ( 'NONE',  ( 5.197500000000000675, 2.250000000000002220, 1.185000000000000053 ) ) ;
#1826 = AXIS2_PLACEMENT_3D ( 'NONE', #2115, #1889, #658 ) ;
#1827 = LINE ( 'NONE', #2205, #1381 ) ;
#1828 = CARTESIAN_POINT ( 'NONE',  ( 7.349999999999998757, 12.70000000000000107, -2.614999999999999769 ) ) ;
#1829 = LINE ( 'NONE', #161, #779 ) ;
#1830 = VECTOR ( 'NONE', #423, 1000.000000000000000 ) ;
#1831 = AXIS2_PLACEMENT_3D ( 'NONE', #72, #813, #1548 ) ;
#1832 = CARTESIAN_POINT ( 'NONE',  ( 2.337500000000000799, -11.69999999999999751, 4.959819536546778135E-17 ) ) ;
#1833 = ORIENTED_EDGE ( 'NONE', *, *, #1188, .T. ) ;
#1834 = ORIENTED_EDGE ( 'NONE', *, *, #1052, .F. ) ;
#1835 = VERTEX_POINT ( 'NONE', #879 ) ;
#1836 = CARTESIAN_POINT ( 'NONE',  ( -4.164999999999999147, 0.000000000000000000, 0.7850000000000001421 ) ) ;
#1837 = DIRECTION ( 'NONE',  ( 1.000000000000000000, -0.000000000000000000, 0.000000000000000000 ) ) ;
#1838 = LINE ( 'NONE', #1825, #1559 ) ;
#1839 = DIRECTION ( 'NONE',  ( 1.000000000000000000, 0.000000000000000000, 0.000000000000000000 ) ) ;
#1840 = CARTESIAN_POINT ( 'NONE',  ( -3.864999999999999769, 0.7000000000000000666, 0.7850000000000001421 ) ) ;
#1841 = ADVANCED_FACE ( 'NONE', ( #1043 ), #500, .T. ) ;
#1842 = PLANE ( 'NONE',  #839 ) ;
#1843 = ORIENTED_EDGE ( 'NONE', *, *, #145, .F. ) ;
#1844 = LINE ( 'NONE', #175, #483 ) ;
#1845 = ORIENTED_EDGE ( 'NONE', *, *, #2111, .T. ) ;
#1846 = VECTOR ( 'NONE', #488, 1000.000000000000000 ) ;
#1847 = ORIENTED_EDGE ( 'NONE', *, *, #622, .T. ) ;
#1848 = ORIENTED_EDGE ( 'NONE', *, *, #1599, .T. ) ;
#1849 = LINE ( 'NONE', #1984, #584 ) ;
#1850 = ADVANCED_FACE ( 'NONE', ( #2004 ), #309, .T. ) ;
#1851 = CARTESIAN_POINT ( 'NONE',  ( 7.350000000000001421, 1.000000000000002665, -2.614999999999999769 ) ) ;
#1852 = VECTOR ( 'NONE', #1663, 1000.000000000000000 ) ;
#1853 = DIRECTION ( 'NONE',  ( 1.000000000000000000, 0.000000000000000000, 0.000000000000000000 ) ) ;
#1854 = CARTESIAN_POINT ( 'NONE',  ( 1.527499999999999414, 1.000000000000001998, 0.000000000000000000 ) ) ;
#1855 = VERTEX_POINT ( 'NONE', #129 ) ;
#1856 = EDGE_CURVE ( 'NONE', #791, #481, #1080, .T. ) ;
#1857 = ORIENTED_EDGE ( 'NONE', *, *, #593, .F. ) ;
#1858 = EDGE_LOOP ( 'NONE', ( #1311, #1203, #1624, #2259 ) ) ;
#1859 = ORIENTED_EDGE ( 'NONE', *, *, #1950, .T. ) ;
#1860 = LINE ( 'NONE', #2397, #125 ) ;
#1861 = LINE ( 'NONE', #2228, #1022 ) ;
#1862 = AXIS2_PLACEMENT_3D ( 'NONE', #1461, #370, #2193 ) ;
#1863 = DIRECTION ( 'NONE',  ( 1.000000000000000000, 0.000000000000000000, 0.000000000000000000 ) ) ;
#1864 = DIRECTION ( 'NONE',  ( 0.000000000000000000, -0.000000000000000000, -1.000000000000000000 ) ) ;
#1865 = VERTEX_POINT ( 'NONE', #1244 ) ;
#1866 =( GEOMETRIC_REPRESENTATION_CONTEXT ( 3 ) GLOBAL_UNCERTAINTY_ASSIGNED_CONTEXT ( ( #949 ) ) GLOBAL_UNIT_ASSIGNED_CONTEXT ( ( #1003, #1746, #1353 ) ) REPRESENTATION_CONTEXT ( 'NONE', 'WORKASPACE' ) );
#1867 = CARTESIAN_POINT ( 'NONE',  ( 0.000000000000000000, 0.000000000000000000, 1.185000000000000053 ) ) ;
#1868 = ORIENTED_EDGE ( 'NONE', *, *, #504, .T. ) ;
#1869 = AXIS2_PLACEMENT_3D ( 'NONE', #1222, #496, #855 ) ;
#1870 = AXIS2_PLACEMENT_3D ( 'NONE', #864, #2336, #492 ) ;
#1871 = VECTOR ( 'NONE', #1230, 1000.000000000000000 ) ;
#1872 = ORIENTED_EDGE ( 'NONE', *, *, #152, .T. ) ;
#1873 = LINE ( 'NONE', #945, #706 ) ;
#1874 = EDGE_CURVE ( 'NONE', #552, #1982, #718, .T. ) ;
#1875 = CARTESIAN_POINT ( 'NONE',  ( 5.197500000000000675, 2.550000000000002931, 1.084999999999999964 ) ) ;
#1876 = ORIENTED_EDGE ( 'NONE', *, *, #2051, .F. ) ;
#1877 = ORIENTED_EDGE ( 'NONE', *, *, #90, .F. ) ;
#1878 = VECTOR ( 'NONE', #534, 1000.000000000000000 ) ;
#1879 = ORIENTED_EDGE ( 'NONE', *, *, #1779, .T. ) ;
#1880 = ORIENTED_EDGE ( 'NONE', *, *, #2149, .F. ) ;
#1881 = LINE ( 'NONE', #1696, #628 ) ;
#1882 = AXIS2_PLACEMENT_3D ( 'NONE', #1361, #2072, #415 ) ;
#1883 = EDGE_CURVE ( 'NONE', #2088, #513, #891, .T. ) ;
#1884 = CYLINDRICAL_SURFACE ( 'NONE', #1419, 0.4000000000000000222 ) ;
#1885 = VECTOR ( 'NONE', #389, 1000.000000000000000 ) ;
#1886 = FACE_OUTER_BOUND ( 'NONE', #1301, .T. ) ;
#1887 = CARTESIAN_POINT ( 'NONE',  ( -5.947499999999998010, 2.550000000000002043, 1.084999999999999964 ) ) ;
#1888 = FACE_OUTER_BOUND ( 'NONE', #1501, .T. ) ;
#1889 = DIRECTION ( 'NONE',  ( -1.180083997263133971E-16, 1.000000000000000000, -0.000000000000000000 ) ) ;
#1890 = CIRCLE ( 'NONE', #1810, 0.4050000000000034683 ) ;
#1891 = PLANE ( 'NONE',  #1385 ) ;
#1892 = ORIENTED_EDGE ( 'NONE', *, *, #1464, .T. ) ;
#1893 = ORIENTED_EDGE ( 'NONE', *, *, #1435, .T. ) ;
#1894 = FACE_OUTER_BOUND ( 'NONE', #299, .T. ) ;
#1895 = LINE ( 'NONE', #1177, #2301 ) ;
#1896 = EDGE_CURVE ( 'NONE', #6, #849, #1777, .T. ) ;
#1897 = LINE ( 'NONE', #205, #843 ) ;
#1898 = LINE ( 'NONE', #2077, #1687 ) ;
#1899 = FACE_BOUND ( 'NONE', #2210, .T. ) ;
#1900 = EDGE_LOOP ( 'NONE', ( #603, #26, #2005, #609 ) ) ;
#1901 = VECTOR ( 'NONE', #364, 1000.000000000000000 ) ;
#1902 = ORIENTED_EDGE ( 'NONE', *, *, #1705, .T. ) ;
#1903 = PLANE ( 'NONE',  #2284 ) ;
#1904 = PLANE ( 'NONE',  #1685 ) ;
#1905 = VECTOR ( 'NONE', #2219, 1000.000000000000000 ) ;
#1906 = CARTESIAN_POINT ( 'NONE',  ( -5.947499999999998010, 3.000000000000002665, 1.185000000000000053 ) ) ;
#1907 = CARTESIAN_POINT ( 'NONE',  ( -3.165000000000000036, 0.7000000000000000666, -2.214999999999999414 ) ) ;
#1908 = DIRECTION ( 'NONE',  ( 1.000000000000000000, 1.927470528863116583E-15, -0.000000000000000000 ) ) ;
#1909 = SURFACE_STYLE_FILL_AREA ( #393 ) ;
#1910 = EDGE_CURVE ( 'NONE', #698, #1421, #684, .T. ) ;
#1911 = CARTESIAN_POINT ( 'NONE',  ( -5.947499999999998010, 3.000000000000002665, 1.084999999999999964 ) ) ;
#1912 = ORIENTED_EDGE ( 'NONE', *, *, #1793, .F. ) ;
#1913 = ORIENTED_EDGE ( 'NONE', *, *, #1435, .F. ) ;
#1914 = DIRECTION ( 'NONE',  ( 0.000000000000000000, 1.000000000000000000, 0.000000000000000000 ) ) ;
#1915 = ORIENTED_EDGE ( 'NONE', *, *, #2055, .F. ) ;
#1916 = DIRECTION ( 'NONE',  ( 0.000000000000000000, -0.000000000000000000, -1.000000000000000000 ) ) ;
#1917 = CARTESIAN_POINT ( 'NONE',  ( -6.397499999999999076, 2.250000000000002665, 1.185000000000000053 ) ) ;
#1918 = VECTOR ( 'NONE', #1656, 1000.000000000000000 ) ;
#1919 = AXIS2_PLACEMENT_3D ( 'NONE', #1282, #148, #1645 ) ;
#1920 = CARTESIAN_POINT ( 'NONE',  ( 5.797499999999998543, 1.000000000000002442, 0.000000000000000000 ) ) ;
#1921 = DIRECTION ( 'NONE',  ( -1.000000000000000000, 0.000000000000000000, 0.000000000000000000 ) ) ;
#1922 = ORIENTED_EDGE ( 'NONE', *, *, #831, .F. ) ;
#1923 = ADVANCED_FACE ( 'NONE', ( #1888 ), #2064, .T. ) ;
#1924 = ORIENTED_EDGE ( 'NONE', *, *, #770, .F. ) ;
#1925 = DIRECTION ( 'NONE',  ( 1.180083997263133724E-16, -1.000000000000000000, 0.000000000000000000 ) ) ;
#1926 = CARTESIAN_POINT ( 'NONE',  ( 5.797499999999998543, 1.000000000000002442, 0.000000000000000000 ) ) ;
#1927 = LINE ( 'NONE', #463, #581 ) ;
#1928 = FACE_OUTER_BOUND ( 'NONE', #326, .T. ) ;
#1929 = CARTESIAN_POINT ( 'NONE',  ( 6.397500000000000853, 2.250000000000002220, 1.084999999999999964 ) ) ;
#1930 = CARTESIAN_POINT ( 'NONE',  ( 1.527500000000000968, -11.69999999999999751, 0.000000000000000000 ) ) ;
#1931 = DIRECTION ( 'NONE',  ( -2.224004456380522396E-16, 1.000000000000000000, 0.000000000000000000 ) ) ;
#1932 = AXIS2_PLACEMENT_3D ( 'NONE', #2287, #2136, #817 ) ;
#1933 = ORIENTED_EDGE ( 'NONE', *, *, #2376, .F. ) ;
#1934 = VERTEX_POINT ( 'NONE', #939 ) ;
#1935 = VECTOR ( 'NONE', #405, 1000.000000000000000 ) ;
#1936 = DIRECTION ( 'NONE',  ( 1.000000000000000000, 0.000000000000000000, 0.000000000000000000 ) ) ;
#1937 = EDGE_CURVE ( 'NONE', #1324, #715, #602, .T. ) ;
#1938 = FACE_OUTER_BOUND ( 'NONE', #142, .T. ) ;
#1939 = AXIS2_PLACEMENT_3D ( 'NONE', #1457, #1126, #1140 ) ;
#1940 = CARTESIAN_POINT ( 'NONE',  ( -5.647499999999998188, 2.550000000000002043, 1.185000000000000053 ) ) ;
#1941 = CARTESIAN_POINT ( 'NONE',  ( -5.947499999999998010, 1.800000000000003153, 1.185000000000000053 ) ) ;
#1942 = DIRECTION ( 'NONE',  ( 0.000000000000000000, -1.000000000000000000, 0.000000000000000000 ) ) ;
#1943 = DIRECTION ( 'NONE',  ( 1.180083997263133971E-16, -1.000000000000000000, 0.000000000000000000 ) ) ;
#1944 = DIRECTION ( 'NONE',  ( 0.000000000000000000, 0.000000000000000000, 1.000000000000000000 ) ) ;
#1945 = EDGE_LOOP ( 'NONE', ( #1683, #2166 ) ) ;
#1946 = ORIENTED_EDGE ( 'NONE', *, *, #544, .T. ) ;
#1947 = CARTESIAN_POINT ( 'NONE',  ( 4.564999999999999503, 1.000000000000001776, -2.214999999999999414 ) ) ;
#1948 = EDGE_CURVE ( 'NONE', #960, #2310, #1483, .T. ) ;
#1949 = DIRECTION ( 'NONE',  ( -0.000000000000000000, -1.000000000000000000, -0.000000000000000000 ) ) ;
#1950 = EDGE_CURVE ( 'NONE', #449, #2355, #369, .T. ) ;
#1951 = CYLINDRICAL_SURFACE ( 'NONE', #936, 0.4049999999999999711 ) ;
#1952 = AXIS2_PLACEMENT_3D ( 'NONE', #1054, #512, #1595 ) ;
#1953 = ORIENTED_EDGE ( 'NONE', *, *, #508, .F. ) ;
#1954 = VECTOR ( 'NONE', #102, 1000.000000000000000 ) ;
#1955 = ORIENTED_EDGE ( 'NONE', *, *, #1, .T. ) ;
#1956 = ORIENTED_EDGE ( 'NONE', *, *, #324, .F. ) ;
#1957 = DIRECTION ( 'NONE',  ( -1.180083997263133724E-16, 1.000000000000000000, -0.000000000000000000 ) ) ;
#1958 = CARTESIAN_POINT ( 'NONE',  ( 6.397500000000000853, 2.250000000000002220, 1.185000000000000053 ) ) ;
#1959 = CARTESIAN_POINT ( 'NONE',  ( -3.864999999999999769, 0.7000000000000000666, 0.7850000000000001421 ) ) ;
#1960 = EDGE_CURVE ( 'NONE', #969, #479, #1471, .T. ) ;
#1961 = DIRECTION ( 'NONE',  ( 0.000000000000000000, 0.000000000000000000, 1.000000000000000000 ) ) ;
#1962 = ADVANCED_FACE ( 'NONE', ( #2244 ), #735, .F. ) ;
#1963 = DIRECTION ( 'NONE',  ( 1.000000000000000000, 2.224004456380522396E-16, -0.000000000000000000 ) ) ;
#1964 = EDGE_CURVE ( 'NONE', #1983, #117, #25, .T. ) ;
#1965 = CARTESIAN_POINT ( 'NONE',  ( 7.350000000000001421, 1.000000000000002665, 1.185000000000000053 ) ) ;
#1966 = VERTEX_POINT ( 'NONE', #379 ) ;
#1967 = VERTEX_POINT ( 'NONE', #1508 ) ;
#1968 = ORIENTED_EDGE ( 'NONE', *, *, #2047, .F. ) ;
#1969 = ORIENTED_EDGE ( 'NONE', *, *, #610, .T. ) ;
#1970 = CYLINDRICAL_SURFACE ( 'NONE', #1286, 0.4049999999999997491 ) ;
#1971 = DIRECTION ( 'NONE',  ( -1.927470528863119739E-15, 1.000000000000000000, 0.000000000000000000 ) ) ;
#1972 = DIRECTION ( 'NONE',  ( 0.000000000000000000, 0.000000000000000000, -1.000000000000000000 ) ) ;
#1973 =( NAMED_UNIT ( * ) SI_UNIT ( $, .STERADIAN. ) SOLID_ANGLE_UNIT ( ) );
#1974 = VECTOR ( 'NONE', #1099, 1000.000000000000000 ) ;
#1975 = VECTOR ( 'NONE', #375, 1000.000000000000000 ) ;
#1976 = FACE_OUTER_BOUND ( 'NONE', #1598, .T. ) ;
#1977 = FACE_OUTER_BOUND ( 'NONE', #2120, .T. ) ;
#1978 = EDGE_LOOP ( 'NONE', ( #263, #1694, #765, #711 ) ) ;
#1979 =( GEOMETRIC_REPRESENTATION_CONTEXT ( 3 ) GLOBAL_UNCERTAINTY_ASSIGNED_CONTEXT ( ( #1699 ) ) GLOBAL_UNIT_ASSIGNED_CONTEXT ( ( #2066, #790, #1343 ) ) REPRESENTATION_CONTEXT ( 'NONE', 'WORKASPACE' ) );
#1980 = EDGE_CURVE ( 'NONE', #1667, #108, #2377, .T. ) ;
#1981 = CARTESIAN_POINT ( 'NONE',  ( -3.564999999999999503, 0.000000000000000000, -2.614999999999999769 ) ) ;
#1982 = VERTEX_POINT ( 'NONE', #1854 ) ;
#1983 = VERTEX_POINT ( 'NONE', #1678 ) ;
#1984 = CARTESIAN_POINT ( 'NONE',  ( 5.197500000000000675, 2.250000000000002220, 1.084999999999999964 ) ) ;
#1985 = PRESENTATION_STYLE_ASSIGNMENT (( #2129 ) ) ;
#1986 = AXIS2_PLACEMENT_3D ( 'NONE', #1789, #1281, #1604 ) ;
#1987 = DIRECTION ( 'NONE',  ( 0.000000000000000000, 1.000000000000000000, 0.000000000000000000 ) ) ;
#1988 = DIRECTION ( 'NONE',  ( 1.000000000000000000, 1.180083997263133724E-16, -0.000000000000000000 ) ) ;
#1989 = VERTEX_POINT ( 'NONE', #220 ) ;
#1990 = VECTOR ( 'NONE', #1462, 1000.000000000000000 ) ;
#1991 = VECTOR ( 'NONE', #2374, 1000.000000000000000 ) ;
#1992 = CARTESIAN_POINT ( 'NONE',  ( 7.349999999999998757, 12.70000000000000107, -2.614999999999999769 ) ) ;
#1993 = ORIENTED_EDGE ( 'NONE', *, *, #74, .T. ) ;
#1994 = ADVANCED_FACE ( 'NONE', ( #183 ), #1842, .T. ) ;
#1995 = VERTEX_POINT ( 'NONE', #587 ) ;
#1996 = ORIENTED_EDGE ( 'NONE', *, *, #459, .T. ) ;
#1997 = VECTOR ( 'NONE', #2011, 1000.000000000000000 ) ;
#1998 = DIRECTION ( 'NONE',  ( 0.000000000000000000, 1.000000000000000000, 0.000000000000000000 ) ) ;
#1999 = SURFACE_STYLE_USAGE ( .BOTH. , #2346 ) ;
#2000 = DIRECTION ( 'NONE',  ( -2.224004456380522396E-16, 1.000000000000000000, -0.000000000000000000 ) ) ;
#2001 = LINE ( 'NONE', #365, #731 ) ;
#2002 = SURFACE_STYLE_FILL_AREA ( #889 ) ;
#2003 = CARTESIAN_POINT ( 'NONE',  ( 7.350000000000001421, 1.000000000000002665, -2.614999999999999769 ) ) ;
#2004 = FACE_OUTER_BOUND ( 'NONE', #921, .T. ) ;
#2005 = ORIENTED_EDGE ( 'NONE', *, *, #2378, .F. ) ;
#2006 = DIRECTION ( 'NONE',  ( 0.000000000000000000, 1.000000000000000000, -0.000000000000000000 ) ) ;
#2007 = ORIENTED_EDGE ( 'NONE', *, *, #873, .F. ) ;
#2008 = ORIENTED_EDGE ( 'NONE', *, *, #1052, .T. ) ;
#2009 = CARTESIAN_POINT ( 'NONE',  ( 6.397500000000000853, 2.550000000000002931, 1.185000000000000053 ) ) ;
#2010 = EDGE_CURVE ( 'NONE', #1835, #811, #925, .T. ) ;
#2011 = DIRECTION ( 'NONE',  ( -0.000000000000000000, 1.000000000000000000, -0.000000000000000000 ) ) ;
#2012 = CARTESIAN_POINT ( 'NONE',  ( 5.197500000000000675, 2.550000000000002931, 1.084999999999999964 ) ) ;
#2013 = CARTESIAN_POINT ( 'NONE',  ( -5.647499999999998188, 1.800000000000003153, 1.084999999999999964 ) ) ;
#2014 = CARTESIAN_POINT ( 'NONE',  ( -4.164999999999999147, 0.7000000000000000666, -2.614999999999999769 ) ) ;
#2015 = DIRECTION ( 'NONE',  ( 0.000000000000000000, 0.000000000000000000, -1.000000000000000000 ) ) ;
#2016 = CARTESIAN_POINT ( 'NONE',  ( -4.564999999999999503, 0.7000000000000000666, -2.214999999999999414 ) ) ;
#2017 = AXIS2_PLACEMENT_3D ( 'NONE', #402, #2215, #181 ) ;
#2018 = VECTOR ( 'NONE', #567, 1000.000000000000000 ) ;
#2019 = CARTESIAN_POINT ( 'NONE',  ( -5.647499999999998188, 2.550000000000002043, 1.185000000000000053 ) ) ;
#2020 = ORIENTED_EDGE ( 'NONE', *, *, #688, .F. ) ;
#2021 = ADVANCED_FACE ( 'NONE', ( #2257 ), #913, .F. ) ;
#2022 = ORIENTED_EDGE ( 'NONE', *, *, #1658, .T. ) ;
#2023 = ORIENTED_EDGE ( 'NONE', *, *, #1135, .T. ) ;
#2024 = DIRECTION ( 'NONE',  ( 0.000000000000000000, 0.000000000000000000, -1.000000000000000000 ) ) ;
#2025 = CARTESIAN_POINT ( 'NONE',  ( -5.647499999999999076, 3.000000000000002665, 1.084999999999999964 ) ) ;
#2026 = CARTESIAN_POINT ( 'NONE',  ( 0.000000000000000000, 0.000000000000000000, 1.185000000000000053 ) ) ;
#2027 = EDGE_CURVE ( 'NONE', #83, #960, #1665, .T. ) ;
#2028 = ADVANCED_FACE ( 'NONE', ( #21 ), #207, .T. ) ;
#2029 = DIRECTION ( 'NONE',  ( -1.000000000000000000, -0.000000000000000000, -0.000000000000000000 ) ) ;
#2030 = VERTEX_POINT ( 'NONE', #1318 ) ;
#2031 = DIRECTION ( 'NONE',  ( 0.000000000000000000, -1.000000000000000000, 0.000000000000000000 ) ) ;
#2032 = ORIENTED_EDGE ( 'NONE', *, *, #2191, .T. ) ;
#2033 = VECTOR ( 'NONE', #2331, 1000.000000000000000 ) ;
#2034 = VERTEX_POINT ( 'NONE', #2387 ) ;
#2035 = PLANE ( 'NONE',  #2090 ) ;
#2036 = DIRECTION ( 'NONE',  ( 1.000000000000000000, 0.000000000000000000, 0.000000000000000000 ) ) ;
#2037 = DIRECTION ( 'NONE',  ( 0.000000000000000000, 0.000000000000000000, 1.000000000000000000 ) ) ;
#2038 = EDGE_CURVE ( 'NONE', #1463, #1420, #404, .T. ) ;
#2039 = DIRECTION ( 'NONE',  ( 0.000000000000000000, 0.000000000000000000, 1.000000000000000000 ) ) ;
#2040 = EDGE_LOOP ( 'NONE', ( #1289, #489, #177, #2134 ) ) ;
#2041 = ADVANCED_FACE ( 'NONE', ( #1129 ), #1329, .T. ) ;
#2042 = CARTESIAN_POINT ( 'NONE',  ( -4.164999999999999147, 0.7000000000000000666, 1.185000000000000053 ) ) ;
#2043 = ORIENTED_EDGE ( 'NONE', *, *, #47, .T. ) ;
#2044 = ORIENTED_EDGE ( 'NONE', *, *, #1260, .F. ) ;
#2045 = ORIENTED_EDGE ( 'NONE', *, *, #1566, .T. ) ;
#2046 = DIRECTION ( 'NONE',  ( 0.000000000000000000, 0.000000000000000000, 1.000000000000000000 ) ) ;
#2047 = EDGE_CURVE ( 'NONE', #892, #2292, #1181, .T. ) ;
#2048 = CARTESIAN_POINT ( 'NONE',  ( -6.397499999999999076, 2.250000000000002665, 1.185000000000000053 ) ) ;
#2049 = PRODUCT_RELATED_PRODUCT_CATEGORY ( 'part', '', ( #216 ) ) ;
#2050 = DIRECTION ( 'NONE',  ( -1.000000000000000000, 0.000000000000000000, 0.000000000000000000 ) ) ;
#2051 = EDGE_CURVE ( 'NONE', #1807, #6, #79, .T. ) ;
#2052 = DIRECTION ( 'NONE',  ( -1.180083997263133971E-16, 1.000000000000000000, -0.000000000000000000 ) ) ;
#2053 = ORIENTED_EDGE ( 'NONE', *, *, #2392, .T. ) ;
#2054 = VERTEX_POINT ( 'NONE', #994 ) ;
#2055 = EDGE_CURVE ( 'NONE', #2311, #1106, #1898, .T. ) ;
#2056 = VECTOR ( 'NONE', #807, 1000.000000000000000 ) ;
#2057 = ORIENTED_EDGE ( 'NONE', *, *, #1075, .T. ) ;
#2058 = LINE ( 'NONE', #554, #1747 ) ;
#2059 = CARTESIAN_POINT ( 'NONE',  ( -5.647499999999998188, 1.800000000000003153, 1.185000000000000053 ) ) ;
#2060 = DIRECTION ( 'NONE',  ( 0.000000000000000000, 0.000000000000000000, -1.000000000000000000 ) ) ;
#2061 = UNCERTAINTY_MEASURE_WITH_UNIT (LENGTH_MEASURE( 1.000000000000000082E-05 ), #209, 'distance_accuracy_value', 'NONE');
#2062 = CARTESIAN_POINT ( 'NONE',  ( -6.397499999999999076, 2.550000000000002931, 1.084999999999999964 ) ) ;
#2063 = EDGE_CURVE ( 'NONE', #321, #313, #1608, .T. ) ;
#2064 = CYLINDRICAL_SURFACE ( 'NONE', #2224, 0.4049999999999997491 ) ;
#2065 = PLANE ( 'NONE',  #1704 ) ;
#2066 =( LENGTH_UNIT ( ) NAMED_UNIT ( * ) SI_UNIT ( .MILLI., .METRE. ) );
#2067 = DIRECTION ( 'NONE',  ( 0.000000000000000000, 0.000000000000000000, -1.000000000000000000 ) ) ;
#2068 = VERTEX_POINT ( 'NONE', #243 ) ;
#2069 = ORIENTED_EDGE ( 'NONE', *, *, #1376, .F. ) ;
#2070 = CARTESIAN_POINT ( 'NONE',  ( -6.397499999999999076, 2.250000000000002665, 1.084999999999999964 ) ) ;
#2071 = VECTOR ( 'NONE', #1525, 1000.000000000000000 ) ;
#2072 = DIRECTION ( 'NONE',  ( -1.000000000000000000, 0.000000000000000000, 0.000000000000000000 ) ) ;
#2073 = AXIS2_PLACEMENT_3D ( 'NONE', #1384, #1573, #92 ) ;
#2074 = DIRECTION ( 'NONE',  ( 0.000000000000000000, 0.000000000000000000, 1.000000000000000000 ) ) ;
#2075 = DIRECTION ( 'NONE',  ( 0.000000000000000000, 0.000000000000000000, 1.000000000000000000 ) ) ;
#2076 = AXIS2_PLACEMENT_3D ( 'NONE', #2256, #2264, #1863 ) ;
#2077 = CARTESIAN_POINT ( 'NONE',  ( -6.397499999999999076, 2.250000000000002665, 1.185000000000000053 ) ) ;
#2078 = EDGE_LOOP ( 'NONE', ( #1833, #1783, #595, #768 ) ) ;
#2079 = ORIENTED_EDGE ( 'NONE', *, *, #1883, .T. ) ;
#2080 = DIRECTION ( 'NONE',  ( -1.180083997263133971E-16, 1.000000000000000000, -0.000000000000000000 ) ) ;
#2081 = CIRCLE ( 'NONE', #1155, 0.2999999999999994893 ) ;
#2082 = LINE ( 'NONE', #64, #1491 ) ;
#2083 = ADVANCED_FACE ( 'NONE', ( #1714 ), #1006, .T. ) ;
#2084 = DIRECTION ( 'NONE',  ( 0.000000000000000000, 0.000000000000000000, 1.000000000000000000 ) ) ;
#2085 = SURFACE_SIDE_STYLE ('',( #1909 ) ) ;
#2086 = ORIENTED_EDGE ( 'NONE', *, *, #2376, .T. ) ;
#2087 = VECTOR ( 'NONE', #257, 1000.000000000000000 ) ;
#2088 = VERTEX_POINT ( 'NONE', #2305 ) ;
#2089 = LINE ( 'NONE', #643, #392 ) ;
#2090 = AXIS2_PLACEMENT_3D ( 'NONE', #1325, #52, #179 ) ;
#2091 = VECTOR ( 'NONE', #304, 1000.000000000000000 ) ;
#2092 = ORIENTED_EDGE ( 'NONE', *, *, #814, .T. ) ;
#2093 = CIRCLE ( 'NONE', #1182, 0.4000000000000001887 ) ;
#2094 = CARTESIAN_POINT ( 'NONE',  ( -5.647499999999998188, 2.550000000000002043, 1.084999999999999964 ) ) ;
#2095 = CARTESIAN_POINT ( 'NONE',  ( 3.564999999999999947, 0.7000000000000008438, -2.214999999999999414 ) ) ;
#2096 = DIRECTION ( 'NONE',  ( -1.000000000000000000, -1.314184451497581259E-16, 0.000000000000000000 ) ) ;
#2097 = EDGE_CURVE ( 'NONE', #300, #1794, #1210, .T. ) ;
#2098 = CARTESIAN_POINT ( 'NONE',  ( -6.397499999999999076, 2.250000000000002665, 1.084999999999999964 ) ) ;
#2099 = ORIENTED_EDGE ( 'NONE', *, *, #157, .F. ) ;
#2100 = ORIENTED_EDGE ( 'NONE', *, *, #2124, .F. ) ;
#2101 = CARTESIAN_POINT ( 'NONE',  ( 5.197500000000000675, 2.550000000000002931, 1.185000000000000053 ) ) ;
#2102 = DIRECTION ( 'NONE',  ( -1.180083997263133971E-16, 1.000000000000000000, -0.000000000000000000 ) ) ;
#2103 = FACE_OUTER_BOUND ( 'NONE', #1978, .T. ) ;
#2104 = DIRECTION ( 'NONE',  ( -0.000000000000000000, -1.000000000000000000, -0.000000000000000000 ) ) ;
#2105 = VECTOR ( 'NONE', #361, 1000.000000000000000 ) ;
#2106 = AXIS2_PLACEMENT_3D ( 'NONE', #2277, #1759, #1921 ) ;
#2107 = CARTESIAN_POINT ( 'NONE',  ( -3.564999999999999947, 0.7000000000000000666, 0.7850000000000001421 ) ) ;
#2108 = CARTESIAN_POINT ( 'NONE',  ( -5.947499999999998010, 1.800000000000003153, 1.084999999999999964 ) ) ;
#2109 = PLANE ( 'NONE',  #749 ) ;
#2110 = ORIENTED_EDGE ( 'NONE', *, *, #1293, .T. ) ;
#2111 = EDGE_CURVE ( 'NONE', #1313, #1588, #419, .T. ) ;
#2112 = ORIENTED_EDGE ( 'NONE', *, *, #1664, .F. ) ;
#2113 = CARTESIAN_POINT ( 'NONE',  ( 6.397500000000000853, 2.250000000000002220, 1.084999999999999964 ) ) ;
#2114 = DIRECTION ( 'NONE',  ( 0.000000000000000000, 0.000000000000000000, 1.000000000000000000 ) ) ;
#2115 = CARTESIAN_POINT ( 'NONE',  ( 4.164999999999999147, 1.000000000000002220, 0.7850000000000001421 ) ) ;
#2116 = CARTESIAN_POINT ( 'NONE',  ( 3.165000000000000036, 1.000000000000001776, -2.614999999999999325 ) ) ;
#2117 = DIRECTION ( 'NONE',  ( 0.000000000000000000, -1.000000000000000000, 0.000000000000000000 ) ) ;
#2118 = CYLINDRICAL_SURFACE ( 'NONE', #2106, 0.4049999999999995270 ) ;
#2119 = LINE ( 'NONE', #1562, #823 ) ;
#2120 = EDGE_LOOP ( 'NONE', ( #1298, #1648, #566, #2342, #1259, #883, #822, #2356 ) ) ;
#2121 = EDGE_LOOP ( 'NONE', ( #1912, #2391, #1913, #1707 ) ) ;
#2122 = CIRCLE ( 'NONE', #2246, 0.4000000000000000222 ) ;
#2123 = EDGE_CURVE ( 'NONE', #1520, #1073, #976, .T. ) ;
#2124 = EDGE_CURVE ( 'NONE', #1073, #1484, #2266, .T. ) ;
#2125 = AXIS2_PLACEMENT_3D ( 'NONE', #1650, #314, #2024 ) ;
#2126 = AXIS2_PLACEMENT_3D ( 'NONE', #2095, #441, #1178 ) ;
#2127 = CARTESIAN_POINT ( 'NONE',  ( -4.164999999999999147, 1.000000000000001332, -2.214999999999999414 ) ) ;
#2128 = CARTESIAN_POINT ( 'NONE',  ( 5.197500000000000675, 2.250000000000002220, 1.185000000000000053 ) ) ;
#2129 = SURFACE_STYLE_USAGE ( .BOTH. , #1603 ) ;
#2130 = CARTESIAN_POINT ( 'NONE',  ( -4.164999999999999147, 0.7000000000000000666, -2.214999999999999414 ) ) ;
#2131 = ORIENTED_EDGE ( 'NONE', *, *, #653, .F. ) ;
#2132 = ORIENTED_EDGE ( 'NONE', *, *, #1118, .T. ) ;
#2133 = EDGE_CURVE ( 'NONE', #1136, #1982, #1170, .T. ) ;
#2134 = ORIENTED_EDGE ( 'NONE', *, *, #557, .T. ) ;
#2135 = EDGE_LOOP ( 'NONE', ( #1133, #727, #1764, #1288 ) ) ;
#2136 = DIRECTION ( 'NONE',  ( -1.180083997263133971E-16, 1.000000000000000000, -0.000000000000000000 ) ) ;
#2137 = SHAPE_DEFINITION_REPRESENTATION ( #1149, #1722 ) ;
#2138 = ADVANCED_FACE ( 'NONE', ( #231 ), #2118, .T. ) ;
#2139 = VECTOR ( 'NONE', #1417, 1000.000000000000000 ) ;
#2140 = DIRECTION ( 'NONE',  ( -1.000000000000000000, 1.927470528863115795E-15, -0.000000000000000000 ) ) ;
#2141 = CARTESIAN_POINT ( 'NONE',  ( 6.397500000000000853, 2.250000000000002220, 1.084999999999999964 ) ) ;
#2142 = ORIENTED_EDGE ( 'NONE', *, *, #1275, .F. ) ;
#2143 = VERTEX_POINT ( 'NONE', #830 ) ;
#2144 = ADVANCED_FACE ( 'NONE', ( #1016 ), #67, .T. ) ;
#2145 = ORIENTED_EDGE ( 'NONE', *, *, #1883, .F. ) ;
#2146 = DIRECTION ( 'NONE',  ( 0.000000000000000000, 0.000000000000000000, 1.000000000000000000 ) ) ;
#2147 = CARTESIAN_POINT ( 'NONE',  ( 6.397500000000000853, 2.250000000000002220, 1.084999999999999964 ) ) ;
#2148 =( LENGTH_UNIT ( ) NAMED_UNIT ( * ) SI_UNIT ( .MILLI., .METRE. ) );
#2149 = EDGE_CURVE ( 'NONE', #321, #2375, #820, .T. ) ;
#2150 = DIRECTION ( 'NONE',  ( 1.000000000000000000, -1.927470528863116583E-15, 0.000000000000000000 ) ) ;
#2151 = CARTESIAN_POINT ( 'NONE',  ( 5.197500000000000675, 2.250000000000002220, 1.185000000000000053 ) ) ;
#2152 = ORIENTED_EDGE ( 'NONE', *, *, #1629, .T. ) ;
#2153 = DIRECTION ( 'NONE',  ( 1.000000000000000000, 0.000000000000000000, -0.000000000000000000 ) ) ;
#2154 = ORIENTED_EDGE ( 'NONE', *, *, #159, .T. ) ;
#2155 = ORIENTED_EDGE ( 'NONE', *, *, #1664, .T. ) ;
#2156 = FACE_OUTER_BOUND ( 'NONE', #1383, .T. ) ;
#2157 = DIRECTION ( 'NONE',  ( 1.000000000000000000, -1.927470528863116583E-15, 0.000000000000000000 ) ) ;
#2158 = PLANE ( 'NONE',  #1125 ) ;
#2159 = SURFACE_STYLE_FILL_AREA ( #1041 ) ;
#2160 = AXIS2_PLACEMENT_3D ( 'NONE', #2349, #306, #2329 ) ;
#2161 = MANIFOLD_SOLID_BREP ( 'Boss-Extrude6[2]', #1781 ) ;
#2162 = AXIS2_PLACEMENT_3D ( 'NONE', #1959, #1812, #2348 ) ;
#2163 = LINE ( 'NONE', #511, #1179 ) ;
#2164 = EDGE_CURVE ( 'NONE', #214, #1855, #136, .T. ) ;
#2165 = DIRECTION ( 'NONE',  ( 1.927470528863119739E-15, -1.000000000000000000, 0.000000000000000000 ) ) ;
#2166 = ORIENTED_EDGE ( 'NONE', *, *, #989, .F. ) ;
#2167 = CIRCLE ( 'NONE', #937, 0.3999999999999999667 ) ;
#2168 = CARTESIAN_POINT ( 'NONE',  ( -5.647499999999998188, 2.550000000000002043, 1.185000000000000053 ) ) ;
#2169 = ORIENTED_EDGE ( 'NONE', *, *, #381, .T. ) ;
#2170 = ORIENTED_EDGE ( 'NONE', *, *, #1629, .F. ) ;
#2171 = ORIENTED_EDGE ( 'NONE', *, *, #132, .F. ) ;
#2172 = CARTESIAN_POINT ( 'NONE',  ( -4.164999999999999147, 1.000000000000000666, -2.214999999999999414 ) ) ;
#2173 = DIRECTION ( 'NONE',  ( 0.000000000000000000, 0.000000000000000000, -1.000000000000000000 ) ) ;
#2174 = LINE ( 'NONE', #681, #1365 ) ;
#2175 = CIRCLE ( 'NONE', #1138, 0.6999999999999996225 ) ;
#2176 = LINE ( 'NONE', #523, #443 ) ;
#2177 = CARTESIAN_POINT ( 'NONE',  ( -5.947499999999998010, 2.550000000000002043, 1.084999999999999964 ) ) ;
#2178 = ORIENTED_EDGE ( 'NONE', *, *, #280, .F. ) ;
#2179 = VECTOR ( 'NONE', #1206, 1000.000000000000000 ) ;
#2180 = AXIS2_PLACEMENT_3D ( 'NONE', #1199, #1943, #1356 ) ;
#2181 = DIRECTION ( 'NONE',  ( 0.000000000000000000, 0.000000000000000000, 1.000000000000000000 ) ) ;
#2182 = VERTEX_POINT ( 'NONE', #56 ) ;
#2183 = ADVANCED_FACE ( 'NONE', ( #331 ), #1254, .T. ) ;
#2184 = EDGE_CURVE ( 'NONE', #313, #321, #1287, .T. ) ;
#2185 = AXIS2_PLACEMENT_3D ( 'NONE', #1690, #1507, #786 ) ;
#2186 = ORIENTED_EDGE ( 'NONE', *, *, #1413, .T. ) ;
#2187 = VECTOR ( 'NONE', #659, 1000.000000000000000 ) ;
#2188 = DIRECTION ( 'NONE',  ( 0.000000000000000000, -1.000000000000000000, 0.000000000000000000 ) ) ;
#2189 = LINE ( 'NONE', #494, #1191 ) ;
#2190 = LINE ( 'NONE', #2048, #2381 ) ;
#2191 = EDGE_CURVE ( 'NONE', #2323, #2310, #1078, .T. ) ;
#2192 = CARTESIAN_POINT ( 'NONE',  ( -4.564999999999999503, 1.000000000000000666, -2.214999999999999414 ) ) ;
#2193 = DIRECTION ( 'NONE',  ( 0.000000000000000000, 0.000000000000000000, 1.000000000000000000 ) ) ;
#2194 = VECTOR ( 'NONE', #948, 1000.000000000000000 ) ;
#2195 = LINE ( 'NONE', #1981, #371 ) ;
#2196 = ORIENTED_EDGE ( 'NONE', *, *, #230, .T. ) ;
#2197 = EDGE_CURVE ( 'NONE', #117, #1324, #391, .T. ) ;
#2198 = ORIENTED_EDGE ( 'NONE', *, *, #1364, .F. ) ;
#2199 = CARTESIAN_POINT ( 'NONE',  ( -4.564999999999999503, 1.000000000000000666, 0.7850000000000001421 ) ) ;
#2200 = MANIFOLD_SOLID_BREP ( 'Boss-Extrude6[4]', #1038 ) ;
#2201 = EDGE_CURVE ( 'NONE', #1271, #2182, #2174, .T. ) ;
#2202 = DIRECTION ( 'NONE',  ( 1.000000000000000000, 1.180083997263133724E-16, 0.000000000000000000 ) ) ;
#2203 = DIRECTION ( 'NONE',  ( 0.000000000000000000, 0.000000000000000000, -1.000000000000000000 ) ) ;
#2204 = MANIFOLD_SOLID_BREP ( 'Cut-Extrude1', #464 ) ;
#2205 = CARTESIAN_POINT ( 'NONE',  ( 5.197500000000000675, 2.250000000000002220, 1.185000000000000053 ) ) ;
#2206 = DIRECTION ( 'NONE',  ( -1.000000000000000000, -0.000000000000000000, -0.000000000000000000 ) ) ;
#2207 = VERTEX_POINT ( 'NONE', #1642 ) ;
#2208 = DIRECTION ( 'NONE',  ( 0.000000000000000000, 1.000000000000000000, 0.000000000000000000 ) ) ;
#2209 = EDGE_LOOP ( 'NONE', ( #2380, #398, #1778, #109 ) ) ;
#2210 = EDGE_LOOP ( 'NONE', ( #1198, #1412, #1632, #288 ) ) ;
#2211 = DIRECTION ( 'NONE',  ( 0.000000000000000000, 0.000000000000000000, 1.000000000000000000 ) ) ;
#2212 = EDGE_CURVE ( 'NONE', #1865, #728, #1406, .T. ) ;
#2213 = PLANE ( 'NONE',  #1465 ) ;
#2214 = EDGE_CURVE ( 'NONE', #2375, #863, #933, .T. ) ;
#2215 = DIRECTION ( 'NONE',  ( -0.000000000000000000, 0.000000000000000000, 1.000000000000000000 ) ) ;
#2216 = LINE ( 'NONE', #2062, #413 ) ;
#2217 = DIRECTION ( 'NONE',  ( 1.000000000000000000, 0.000000000000000000, 0.000000000000000000 ) ) ;
#2218 = CARTESIAN_POINT ( 'NONE',  ( 5.797500000000000320, -11.69999999999999751, 0.000000000000000000 ) ) ;
#2219 = DIRECTION ( 'NONE',  ( -0.7071067811865479058, -0.7071067811865471286, 0.000000000000000000 ) ) ;
#2220 = EDGE_CURVE ( 'NONE', #6, #373, #975, .T. ) ;
#2221 = CARTESIAN_POINT ( 'NONE',  ( 3.165000000000000036, 0.7000000000000008438, -2.614999999999999325 ) ) ;
#2222 = ORIENTED_EDGE ( 'NONE', *, *, #159, .F. ) ;
#2223 = VECTOR ( 'NONE', #2279, 1000.000000000000000 ) ;
#2224 = AXIS2_PLACEMENT_3D ( 'NONE', #549, #2052, #1090 ) ;
#2225 = VERTEX_POINT ( 'NONE', #583 ) ;
#2226 = CARTESIAN_POINT ( 'NONE',  ( 7.350000000000001421, 1.000000000000002665, -2.614999999999999769 ) ) ;
#2227 = AXIS2_PLACEMENT_3D ( 'NONE', #113, #854, #2084 ) ;
#2228 = CARTESIAN_POINT ( 'NONE',  ( -5.647499999999998188, 2.250000000000001776, 1.084999999999999964 ) ) ;
#2229 = CARTESIAN_POINT ( 'NONE',  ( 0.000000000000000000, 0.000000000000000000, 1.084999999999999964 ) ) ;
#2230 = CARTESIAN_POINT ( 'NONE',  ( -5.647499999999998188, 1.800000000000003153, 1.185000000000000053 ) ) ;
#2231 = ADVANCED_FACE ( 'NONE', ( #2400 ), #719, .T. ) ;
#2232 = DIRECTION ( 'NONE',  ( -1.000000000000000000, -0.000000000000000000, -0.000000000000000000 ) ) ;
#2233 = EDGE_LOOP ( 'NONE', ( #1547, #753, #1848, #1946, #13, #1005, #837, #140, #340, #1234, #310, #270, #2321 ) ) ;
#2234 = CARTESIAN_POINT ( 'NONE',  ( 2.337499999999999023, 1.000000000000001998, 4.959819536546779367E-17 ) ) ;
#2235 = DIRECTION ( 'NONE',  ( -1.000000000000000000, 0.000000000000000000, 0.000000000000000000 ) ) ;
#2236 = VERTEX_POINT ( 'NONE', #748 ) ;
#2237 = ORIENTED_EDGE ( 'NONE', *, *, #1614, .T. ) ;
#2238 = DIRECTION ( 'NONE',  ( -1.000000000000000000, 0.000000000000000000, -0.000000000000000000 ) ) ;
#2239 = EDGE_CURVE ( 'NONE', #2292, #110, #1294, .T. ) ;
#2240 = LINE ( 'NONE', #2384, #1475 ) ;
#2241 = DIRECTION ( 'NONE',  ( 1.000000000000000000, 0.000000000000000000, 0.000000000000000000 ) ) ;
#2242 = FACE_OUTER_BOUND ( 'NONE', #551, .T. ) ;
#2243 = AXIS2_PLACEMENT_3D ( 'NONE', #1568, #852, #841 ) ;
#2244 = FACE_OUTER_BOUND ( 'NONE', #700, .T. ) ;
#2245 = CARTESIAN_POINT ( 'NONE',  ( -3.165000000000000036, 0.7000000000000000666, 0.7850000000000001421 ) ) ;
#2246 = AXIS2_PLACEMENT_3D ( 'NONE', #1037, #2314, #1207 ) ;
#2247 = EDGE_CURVE ( 'NONE', #2207, #1421, #2249, .T. ) ;
#2248 = CARTESIAN_POINT ( 'NONE',  ( -5.947499999999998010, 2.550000000000002043, 1.185000000000000053 ) ) ;
#2249 = CIRCLE ( 'NONE', #1939, 0.3999999999999997446 ) ;
#2250 = ORIENTED_EDGE ( 'NONE', *, *, #1, .F. ) ;
#2251 = VECTOR ( 'NONE', #972, 1000.000000000000000 ) ;
#2252 = ORIENTED_EDGE ( 'NONE', *, *, #679, .T. ) ;
#2253 = LINE ( 'NONE', #225, #2018 ) ;
#2254 = CARTESIAN_POINT ( 'NONE',  ( 5.197500000000000675, 2.550000000000002931, 1.185000000000000053 ) ) ;
#2255 = DIRECTION ( 'NONE',  ( 1.000000000000000000, 0.000000000000000000, 0.000000000000000000 ) ) ;
#2256 = CARTESIAN_POINT ( 'NONE',  ( 1.932499999999998996, 1.000000000000001998, 0.000000000000000000 ) ) ;
#2257 = FACE_OUTER_BOUND ( 'NONE', #1256, .T. ) ;
#2258 = EDGE_LOOP ( 'NONE', ( #1119, #672, #1192, #687 ) ) ;
#2259 = ORIENTED_EDGE ( 'NONE', *, *, #118, .T. ) ;
#2260 = DIRECTION ( 'NONE',  ( -1.000000000000000000, -1.927470528863119739E-15, -0.000000000000000000 ) ) ;
#2261 = ADVANCED_FACE ( 'NONE', ( #547 ), #1469, .F. ) ;
#2262 = VECTOR ( 'NONE', #218, 1000.000000000000000 ) ;
#2263 = DIRECTION ( 'NONE',  ( 0.000000000000000000, -1.000000000000000000, 0.000000000000000000 ) ) ;
#2264 = DIRECTION ( 'NONE',  ( 1.180083997263133971E-16, -1.000000000000000000, 0.000000000000000000 ) ) ;
#2265 = AXIS2_PLACEMENT_3D ( 'NONE', #750, #1156, #1112 ) ;
#2266 = LINE ( 'NONE', #2108, #876 ) ;
#2267 = CARTESIAN_POINT ( 'NONE',  ( -4.164999999999999147, 0.7000000000000000666, 0.7850000000000001421 ) ) ;
#2268 = ADVANCED_FACE ( 'NONE', ( #1886 ), #366, .T. ) ;
#2269 = ORIENTED_EDGE ( 'NONE', *, *, #802, .T. ) ;
#2270 = VERTEX_POINT ( 'NONE', #2013 ) ;
#2271 = DIRECTION ( 'NONE',  ( -0.000000000000000000, -0.000000000000000000, 1.000000000000000000 ) ) ;
#2272 = EDGE_CURVE ( 'NONE', #728, #1189, #1045, .T. ) ;
#2273 = VERTEX_POINT ( 'NONE', #1662 ) ;
#2274 = DIRECTION ( 'NONE',  ( -0.000000000000000000, -1.000000000000000000, -0.000000000000000000 ) ) ;
#2275 = CARTESIAN_POINT ( 'NONE',  ( -3.165000000000000036, 1.000000000000000888, -2.214999999999999414 ) ) ;
#2276 = DIRECTION ( 'NONE',  ( -0.000000000000000000, -0.000000000000000000, 1.000000000000000000 ) ) ;
#2277 = CARTESIAN_POINT ( 'NONE',  ( -1.932499999999999218, -11.69999999999999929, 0.000000000000000000 ) ) ;
#2278 = CARTESIAN_POINT ( 'NONE',  ( 3.165000000000000036, 1.000000000000002220, 0.7850000000000001421 ) ) ;
#2279 = DIRECTION ( 'NONE',  ( -1.000000000000000000, -0.000000000000000000, -0.000000000000000000 ) ) ;
#2280 = ORIENTED_EDGE ( 'NONE', *, *, #2201, .T. ) ;
#2281 = ORIENTED_EDGE ( 'NONE', *, *, #1779, .F. ) ;
#2282 = CARTESIAN_POINT ( 'NONE',  ( -5.947499999999998010, 1.800000000000003153, 1.185000000000000053 ) ) ;
#2283 = AXIS2_PLACEMENT_3D ( 'NONE', #387, #733, #2241 ) ;
#2284 = AXIS2_PLACEMENT_3D ( 'NONE', #1742, #1925, #1011 ) ;
#2285 = TOROIDAL_SURFACE ( 'NONE', #2162, 0.2999999999999998779, 0.4000000000000000222 ) ;
#2286 = CARTESIAN_POINT ( 'NONE',  ( -1.932499999999999218, -11.69999999999999929, 0.000000000000000000 ) ) ;
#2287 = CARTESIAN_POINT ( 'NONE',  ( 5.797500000000000320, -11.69999999999999751, 0.000000000000000000 ) ) ;
#2288 = CARTESIAN_POINT ( 'NONE',  ( -1.527499999999999858, -11.69999999999999929, 4.959819536546775670E-17 ) ) ;
#2289 = CARTESIAN_POINT ( 'NONE',  ( 5.197500000000000675, 2.250000000000002220, 1.084999999999999964 ) ) ;
#2290 = ADVANCED_FACE ( 'NONE', ( #1481 ), #556, .T. ) ;
#2291 = LINE ( 'NONE', #1763, #1442 ) ;
#2292 = VERTEX_POINT ( 'NONE', #1712 ) ;
#2293 = VECTOR ( 'NONE', #1008, 1000.000000000000000 ) ;
#2294 = ORIENTED_EDGE ( 'NONE', *, *, #400, .F. ) ;
#2295 = DIRECTION ( 'NONE',  ( -0.000000000000000000, -0.000000000000000000, 1.000000000000000000 ) ) ;
#2296 = EDGE_CURVE ( 'NONE', #1136, #1782, #2358, .T. ) ;
#2297 = EDGE_LOOP ( 'NONE', ( #238, #119, #885, #2352 ) ) ;
#2298 = LINE ( 'NONE', #1992, #448 ) ;
#2299 = CARTESIAN_POINT ( 'NONE',  ( -5.197499999999998010, 2.250000000000002665, 1.084999999999999964 ) ) ;
#2300 = DIRECTION ( 'NONE',  ( 0.000000000000000000, 0.000000000000000000, 1.000000000000000000 ) ) ;
#2301 = VECTOR ( 'NONE', #598, 1000.000000000000000 ) ;
#2302 = EDGE_CURVE ( 'NONE', #2273, #652, #241, .T. ) ;
#2303 = VECTOR ( 'NONE', #44, 1000.000000000000000 ) ;
#2304 = DIRECTION ( 'NONE',  ( -0.000000000000000000, 1.000000000000000000, 0.000000000000000000 ) ) ;
#2305 = CARTESIAN_POINT ( 'NONE',  ( -5.947499999999998010, 3.000000000000002665, 1.084999999999999964 ) ) ;
#2306 = DIRECTION ( 'NONE',  ( 0.000000000000000000, 0.000000000000000000, 1.000000000000000000 ) ) ;
#2307 = ADVANCED_FACE ( 'NONE', ( #417 ), #65, .T. ) ;
#2308 = AXIS2_PLACEMENT_3D ( 'NONE', #344, #1971, #910 ) ;
#2309 = CARTESIAN_POINT ( 'NONE',  ( 3.864999999999999769, 0.6999999999999991784, 1.185000000000000053 ) ) ;
#2310 = VERTEX_POINT ( 'NONE', #600 ) ;
#2311 = VERTEX_POINT ( 'NONE', #1917 ) ;
#2312 = DIRECTION ( 'NONE',  ( -1.000000000000000000, -8.503546450866702047E-17, 0.000000000000000000 ) ) ;
#2313 = CARTESIAN_POINT ( 'NONE',  ( -5.647499999999998188, 2.550000000000002043, 1.084999999999999964 ) ) ;
#2314 = DIRECTION ( 'NONE',  ( 0.000000000000000000, -1.000000000000000000, 0.000000000000000000 ) ) ;
#2315 =( LENGTH_UNIT ( ) NAMED_UNIT ( * ) SI_UNIT ( .MILLI., .METRE. ) );
#2316 = CARTESIAN_POINT ( 'NONE',  ( 5.197500000000000675, 2.250000000000002220, 1.084999999999999964 ) ) ;
#2317 = FACE_OUTER_BOUND ( 'NONE', #186, .T. ) ;
#2318 = FILL_AREA_STYLE_COLOUR ( '', #1474 ) ;
#2319 = CARTESIAN_POINT ( 'NONE',  ( 6.397500000000000853, 2.250000000000002220, 1.084999999999999964 ) ) ;
#2320 = VECTOR ( 'NONE', #1957, 1000.000000000000000 ) ;
#2321 = ORIENTED_EDGE ( 'NONE', *, *, #1964, .T. ) ;
#2322 = EDGE_CURVE ( 'NONE', #2334, #384, #77, .T. ) ;
#2323 = VERTEX_POINT ( 'NONE', #283 ) ;
#2324 = VECTOR ( 'NONE', #805, 1000.000000000000000 ) ;
#2325 = EDGE_LOOP ( 'NONE', ( #540, #1034, #262, #1411 ) ) ;
#2326 = CARTESIAN_POINT ( 'NONE',  ( -2.337499999999999023, -11.69999999999999929, 0.000000000000000000 ) ) ;
#2327 = CIRCLE ( 'NONE', #1831, 0.2999999999999994893 ) ;
#2328 = CARTESIAN_POINT ( 'NONE',  ( 5.797500000000000320, -11.69999999999999751, 0.000000000000000000 ) ) ;
#2329 = DIRECTION ( 'NONE',  ( 1.000000000000000000, 0.000000000000000000, 0.000000000000000000 ) ) ;
#2330 = DIRECTION ( 'NONE',  ( -0.000000000000000000, 1.000000000000000000, -0.000000000000000000 ) ) ;
#2331 = DIRECTION ( 'NONE',  ( 0.000000000000000000, 1.000000000000000000, 0.000000000000000000 ) ) ;
#2332 = ORIENTED_EDGE ( 'NONE', *, *, #1320, .F. ) ;
#2333 = EDGE_LOOP ( 'NONE', ( #374, #1103, #38, #1400 ) ) ;
#2334 = VERTEX_POINT ( 'NONE', #2275 ) ;
#2335 = EDGE_CURVE ( 'NONE', #1174, #2368, #1380, .T. ) ;
#2336 = DIRECTION ( 'NONE',  ( 0.000000000000000000, 0.000000000000000000, 1.000000000000000000 ) ) ;
#2337 = FILL_AREA_STYLE ('',( #100 ) ) ;
#2338 = DIRECTION ( 'NONE',  ( 1.000000000000000000, 0.000000000000000000, 0.000000000000000000 ) ) ;
#2339 = AXIS2_PLACEMENT_3D ( 'NONE', #992, #41, #1163 ) ;
#2340 = CARTESIAN_POINT ( 'NONE',  ( -3.564999999999999503, 1.000000000000001332, 1.185000000000000053 ) ) ;
#2341 = CARTESIAN_POINT ( 'NONE',  ( -5.647499999999998188, 2.250000000000001776, 1.084999999999999964 ) ) ;
#2342 = ORIENTED_EDGE ( 'NONE', *, *, #2272, .T. ) ;
#2343 = ORIENTED_EDGE ( 'NONE', *, *, #1715, .T. ) ;
#2344 = ORIENTED_EDGE ( 'NONE', *, *, #1368, .F. ) ;
#2345 = LINE ( 'NONE', #327, #1363 ) ;
#2346 = SURFACE_SIDE_STYLE ('',( #875 ) ) ;
#2347 = ADVANCED_FACE ( 'NONE', ( #42 ), #1196, .T. ) ;
#2348 = DIRECTION ( 'NONE',  ( -1.000000000000000000, 0.000000000000000000, 0.000000000000000000 ) ) ;
#2349 = CARTESIAN_POINT ( 'NONE',  ( -5.797499999999997655, -14.19999999999999751, 0.000000000000000000 ) ) ;
#2350 = FACE_OUTER_BOUND ( 'NONE', #1437, .T. ) ;
#2351 = DIRECTION ( 'NONE',  ( 0.000000000000000000, 0.000000000000000000, 1.000000000000000000 ) ) ;
#2352 = ORIENTED_EDGE ( 'NONE', *, *, #544, .F. ) ;
#2353 = MECHANICAL_DESIGN_GEOMETRIC_PRESENTATION_REPRESENTATION (  '', ( #1700 ), #1979 ) ;
#2354 = CARTESIAN_POINT ( 'NONE',  ( -1.932500000000000773, 1.000000000000001554, 0.000000000000000000 ) ) ;
#2355 = VERTEX_POINT ( 'NONE', #1906 ) ;
#2356 = ORIENTED_EDGE ( 'NONE', *, *, #1396, .T. ) ;
#2357 = CYLINDRICAL_SURFACE ( 'NONE', #45, 0.4000000000000001887 ) ;
#2358 = CIRCLE ( 'NONE', #585, 0.4049999999999999711 ) ;
#2359 = CARTESIAN_POINT ( 'NONE',  ( -7.350000000000002309, 11.19999999999999929, -2.614999999999999769 ) ) ;
#2360 = DIRECTION ( 'NONE',  ( 0.000000000000000000, 0.000000000000000000, -1.000000000000000000 ) ) ;
#2361 = PRESENTATION_STYLE_ASSIGNMENT (( #1627 ) ) ;
#2362 = AXIS2_PLACEMENT_3D ( 'NONE', #769, #1504, #2238 ) ;
#2363 = DIRECTION ( 'NONE',  ( -1.927470528863116583E-15, -1.000000000000000000, 0.000000000000000000 ) ) ;
#2364 = EDGE_CURVE ( 'NONE', #2368, #892, #454, .T. ) ;
#2365 = CARTESIAN_POINT ( 'NONE',  ( -5.647499999999999076, 3.000000000000002665, 1.084999999999999964 ) ) ;
#2366 = ORIENTED_EDGE ( 'NONE', *, *, #1154, .T. ) ;
#2367 = CARTESIAN_POINT ( 'NONE',  ( -7.350000000000002309, 11.19999999999999929, -2.614999999999999769 ) ) ;
#2368 = VERTEX_POINT ( 'NONE', #1526 ) ;
#2369 = EDGE_LOOP ( 'NONE', ( #571, #1859, #1409, #627, #2169, #94, #764, #662, #2186, #2155, #898, #884 ) ) ;
#2370 = CARTESIAN_POINT ( 'NONE',  ( -5.647499999999998188, 2.550000000000002043, 1.084999999999999964 ) ) ;
#2371 = DIRECTION ( 'NONE',  ( -1.927470528863116583E-15, -1.000000000000000000, 0.000000000000000000 ) ) ;
#2372 = CARTESIAN_POINT ( 'NONE',  ( -5.647499999999998188, 2.250000000000001776, 1.084999999999999964 ) ) ;
#2373 = DIRECTION ( 'NONE',  ( 0.000000000000000000, -0.000000000000000000, 1.000000000000000000 ) ) ;
#2374 = DIRECTION ( 'NONE',  ( -0.000000000000000000, -1.000000000000000000, -0.000000000000000000 ) ) ;
#2375 = VERTEX_POINT ( 'NONE', #1721 ) ;
#2376 = EDGE_CURVE ( 'NONE', #108, #1989, #1538, .T. ) ;
#2377 = CIRCLE ( 'NONE', #1805, 0.4049999999999995270 ) ;
#2378 = EDGE_CURVE ( 'NONE', #1189, #2207, #636, .T. ) ;
#2379 = FACE_OUTER_BOUND ( 'NONE', #460, .T. ) ;
#2380 = ORIENTED_EDGE ( 'NONE', *, *, #2047, .T. ) ;
#2381 = VECTOR ( 'NONE', #1278, 1000.000000000000000 ) ;
#2382 = CIRCLE ( 'NONE', #2076, 0.4049999999999997491 ) ;
#2383 = LINE ( 'NONE', #531, #1634 ) ;
#2384 = CARTESIAN_POINT ( 'NONE',  ( -5.947499999999998010, 3.000000000000002665, 1.084999999999999964 ) ) ;
#2385 = DIRECTION ( 'NONE',  ( -1.000000000000000000, 0.000000000000000000, -0.000000000000000000 ) ) ;
#2386 = DIRECTION ( 'NONE',  ( 1.000000000000000000, 0.000000000000000000, 0.000000000000000000 ) ) ;
#2387 = CARTESIAN_POINT ( 'NONE',  ( -5.647499999999999076, 3.000000000000002665, 1.084999999999999964 ) ) ;
#2388 = DIRECTION ( 'NONE',  ( -1.180083997263133724E-16, 1.000000000000000000, -0.000000000000000000 ) ) ;
#2389 = VECTOR ( 'NONE', #1676, 1000.000000000000000 ) ;
#2390 = CARTESIAN_POINT ( 'NONE',  ( 6.397500000000000853, 2.250000000000002220, 1.084999999999999964 ) ) ;
#2391 = ORIENTED_EDGE ( 'NONE', *, *, #477, .F. ) ;
#2392 = EDGE_CURVE ( 'NONE', #1749, #1545, #1153, .T. ) ;
#2393 = ADVANCED_FACE ( 'NONE', ( #1928 ), #1362, .T. ) ;
#2394 = APPLICATION_CONTEXT ( 'automotive_design' ) ;
#2395 = ORIENTED_EDGE ( 'NONE', *, *, #230, .F. ) ;
#2396 = EDGE_LOOP ( 'NONE', ( #1236, #34, #1753, #1845 ) ) ;
#2397 = CARTESIAN_POINT ( 'NONE',  ( -5.947499999999998010, 2.550000000000002043, 1.084999999999999964 ) ) ;
#2398 = ADVANCED_FACE ( 'NONE', ( #647 ), #227, .T. ) ;
#2399 = CARTESIAN_POINT ( 'NONE',  ( 3.165000000000000480, 0.6999999999999991784, -2.214999999999999414 ) ) ;
#2400 = FACE_OUTER_BOUND ( 'NONE', #2121, .T. ) ;
#2401 = UNCERTAINTY_MEASURE_WITH_UNIT (LENGTH_MEASURE( 1.000000000000000082E-05 ), #1369, 'distance_accuracy_value', 'NONE');
ENDSEC;
END-ISO-10303-21;
